id,user_id,orderId,date,amount,coins,payment_method,status,description
4,421,ORDER000004,52:10.2,598.33,26,momo,failed,Transaction for 26 coins via momo.
5,42,ORDER000005,52:10.2,897.13,25,zalopay,completed,Transaction for 25 coins via zalopay.
6,325,ORDER000006,52:10.2,102.99,3,momo,completed,Transaction for 3 coins via momo.
7,181,ORDER000007,52:10.2,910.22,82,code,completed,Transaction for 82 coins via code.
8,383,ORDER000008,52:10.2,730.91,41,code,completed,Transaction for 41 coins via code.
9,209,ORDER000009,52:10.2,160.77,83,zalopay,pending,Transaction for 83 coins via zalopay.
10,174,ORDER000010,52:10.2,907.79,21,code,pending,Transaction for 21 coins via code.
11,454,ORDER000011,52:10.2,625.79,67,zalopay,pending,Transaction for 67 coins via zalopay.
12,362,ORDER000012,52:10.2,600.43,69,code,failed,Transaction for 69 coins via code.
13,229,ORDER000013,52:10.2,766.79,76,momo,failed,Transaction for 76 coins via momo.
14,46,ORDER000014,52:10.2,396.35,56,code,pending,Transaction for 56 coins via code.
15,134,ORDER000015,52:10.2,410.96,60,zalopay,pending,Transaction for 60 coins via zalopay.
16,92,ORDER000016,52:10.2,901.11,78,code,pending,Transaction for 78 coins via code.
17,113,ORDER000017,52:10.2,767.54,35,code,completed,Transaction for 35 coins via code.
18,21,ORDER000018,52:10.2,426.68,53,zalopay,pending,Transaction for 53 coins via zalopay.
19,446,ORDER000019,52:10.2,707.25,51,momo,failed,Transaction for 51 coins via momo.
20,409,ORDER000020,52:10.2,704.22,8,zalopay,completed,Transaction for 8 coins via zalopay.
21,464,ORDER000021,52:10.2,269.14,91,code,pending,Transaction for 91 coins via code.
22,30,ORDER000022,52:10.2,102.81,71,momo,failed,Transaction for 71 coins via momo.
23,449,ORDER000023,52:10.2,285.4,36,code,failed,Transaction for 36 coins via code.
24,308,ORDER000024,52:10.2,677.36,75,momo,failed,Transaction for 75 coins via momo.
25,205,ORDER000025,52:10.2,259.55,71,code,failed,Transaction for 71 coins via code.
26,164,ORDER000026,52:10.2,987.56,56,momo,completed,Transaction for 56 coins via momo.
27,491,ORDER000027,52:10.2,970.95,6,code,failed,Transaction for 6 coins via code.
28,262,ORDER000028,52:10.2,806.02,21,momo,pending,Transaction for 21 coins via momo.
29,257,ORDER000029,52:10.2,702.44,71,momo,failed,Transaction for 71 coins via momo.
30,238,ORDER000030,52:10.2,673.73,60,momo,completed,Transaction for 60 coins via momo.
31,84,ORDER000031,52:10.2,934.45,30,code,failed,Transaction for 30 coins via code.
32,311,ORDER000032,52:10.2,583.28,62,momo,completed,Transaction for 62 coins via momo.
33,18,ORDER000033,52:10.2,913.72,30,zalopay,failed,Transaction for 30 coins via zalopay.
34,451,ORDER000034,52:10.2,546.99,17,momo,completed,Transaction for 17 coins via momo.
35,358,ORDER000035,52:10.2,757.43,93,momo,pending,Transaction for 93 coins via momo.
36,282,ORDER000036,52:10.2,236.64,96,momo,completed,Transaction for 96 coins via momo.
37,270,ORDER000037,52:10.2,595.89,62,code,pending,Transaction for 62 coins via code.
38,61,ORDER000038,52:10.2,780.95,68,momo,pending,Transaction for 68 coins via momo.
39,60,ORDER000039,52:10.2,671.25,77,code,completed,Transaction for 77 coins via code.
40,371,ORDER000040,52:10.2,42.03,42,zalopay,failed,Transaction for 42 coins via zalopay.
41,56,ORDER000041,52:10.2,69.99,11,code,pending,Transaction for 11 coins via code.
42,105,ORDER000042,52:10.2,410.29,40,zalopay,failed,Transaction for 40 coins via zalopay.
43,297,ORDER000043,52:10.2,656.59,25,zalopay,completed,Transaction for 25 coins via zalopay.
44,327,ORDER000044,52:10.2,446.31,6,code,failed,Transaction for 6 coins via code.
45,139,ORDER000045,52:10.2,332.62,1,zalopay,pending,Transaction for 1 coins via zalopay.
46,492,ORDER000046,52:10.2,613.39,51,zalopay,completed,Transaction for 51 coins via zalopay.
47,270,ORDER000047,52:10.2,258.78,64,zalopay,pending,Transaction for 64 coins via zalopay.
48,40,ORDER000048,52:10.2,903.28,56,momo,pending,Transaction for 56 coins via momo.
49,60,ORDER000049,52:10.2,818.86,60,code,pending,Transaction for 60 coins via code.
50,59,ORDER000050,52:10.2,166.69,83,code,completed,Transaction for 83 coins via code.
51,130,ORDER000051,52:10.2,577.8,60,code,pending,Transaction for 60 coins via code.
52,170,ORDER000052,52:10.2,83.96,38,code,pending,Transaction for 38 coins via code.
53,434,ORDER000053,52:10.2,179.56,74,code,pending,Transaction for 74 coins via code.
54,85,ORDER000054,52:10.2,262.48,91,momo,completed,Transaction for 91 coins via momo.
55,461,ORDER000055,52:10.2,418.99,82,code,completed,Transaction for 82 coins via code.
56,126,ORDER000056,52:10.2,783.64,61,momo,completed,Transaction for 61 coins via momo.
57,331,ORDER000057,52:10.2,940.11,81,code,completed,Transaction for 81 coins via code.
58,456,ORDER000058,52:10.2,680.42,30,code,failed,Transaction for 30 coins via code.
59,345,ORDER000059,52:10.2,376.49,55,momo,pending,Transaction for 55 coins via momo.
60,482,ORDER000060,52:10.2,864.6,11,code,completed,Transaction for 11 coins via code.
61,94,ORDER000061,52:10.2,754.36,60,code,pending,Transaction for 60 coins via code.
62,162,ORDER000062,52:10.2,978.5,62,code,completed,Transaction for 62 coins via code.
63,395,ORDER000063,52:10.2,254.99,28,zalopay,pending,Transaction for 28 coins via zalopay.
64,400,ORDER000064,52:10.2,550.76,29,momo,completed,Transaction for 29 coins via momo.
65,62,ORDER000065,52:10.2,996.67,6,code,completed,Transaction for 6 coins via code.
66,336,ORDER000066,52:10.2,699.33,72,code,completed,Transaction for 72 coins via code.
67,345,ORDER000067,52:10.2,576.54,80,momo,completed,Transaction for 80 coins via momo.
68,470,ORDER000068,52:10.2,834.25,74,momo,failed,Transaction for 74 coins via momo.
69,173,ORDER000069,52:10.2,299.98,60,momo,completed,Transaction for 60 coins via momo.
70,126,ORDER000070,52:10.2,596.14,40,code,pending,Transaction for 40 coins via code.
71,309,ORDER000071,52:10.2,253.28,3,momo,failed,Transaction for 3 coins via momo.
72,211,ORDER000072,52:10.2,771.81,51,code,failed,Transaction for 51 coins via code.
73,291,ORDER000073,52:10.2,389.94,20,zalopay,pending,Transaction for 20 coins via zalopay.
74,441,ORDER000074,52:10.2,675.13,49,zalopay,pending,Transaction for 49 coins via zalopay.
75,456,ORDER000075,52:10.2,43.54,59,momo,completed,Transaction for 59 coins via momo.
76,152,ORDER000076,52:10.2,637.75,49,momo,completed,Transaction for 49 coins via momo.
77,139,ORDER000077,52:10.2,759.47,69,momo,pending,Transaction for 69 coins via momo.
78,249,ORDER000078,52:10.2,594.68,95,momo,failed,Transaction for 95 coins via momo.
79,113,ORDER000079,52:10.2,499.12,11,momo,failed,Transaction for 11 coins via momo.
80,260,ORDER000080,52:10.2,133.79,76,code,completed,Transaction for 76 coins via code.
81,255,ORDER000081,52:10.2,772.84,64,code,pending,Transaction for 64 coins via code.
82,129,ORDER000082,52:10.2,429.14,100,momo,completed,Transaction for 100 coins via momo.
83,381,ORDER000083,52:10.2,586.5,83,momo,completed,Transaction for 83 coins via momo.
84,425,ORDER000084,52:10.2,867.56,28,zalopay,completed,Transaction for 28 coins via zalopay.
85,317,ORDER000085,52:10.2,641.97,59,code,failed,Transaction for 59 coins via code.
86,402,ORDER000086,52:10.2,452.41,88,code,pending,Transaction for 88 coins via code.
87,468,ORDER000087,52:10.2,602.84,50,code,failed,Transaction for 50 coins via code.
88,313,ORDER000088,52:10.2,805.49,37,momo,pending,Transaction for 37 coins via momo.
89,69,ORDER000089,52:10.2,775.71,61,zalopay,completed,Transaction for 61 coins via zalopay.
90,377,ORDER000090,52:10.2,110.44,37,code,failed,Transaction for 37 coins via code.
91,212,ORDER000091,52:10.2,907.41,25,code,pending,Transaction for 25 coins via code.
92,156,ORDER000092,52:10.2,895.59,34,zalopay,completed,Transaction for 34 coins via zalopay.
93,322,ORDER000093,52:10.2,69.77,10,zalopay,completed,Transaction for 10 coins via zalopay.
94,373,ORDER000094,52:10.2,510.61,100,zalopay,pending,Transaction for 100 coins via zalopay.
95,217,ORDER000095,52:10.2,370.12,45,code,pending,Transaction for 45 coins via code.
96,139,ORDER000096,52:10.2,756.26,24,code,failed,Transaction for 24 coins via code.
97,91,ORDER000097,52:10.2,59.6,12,zalopay,pending,Transaction for 12 coins via zalopay.
98,210,ORDER000098,52:10.2,63.32,97,code,failed,Transaction for 97 coins via code.
99,475,ORDER000099,52:10.2,792.42,47,code,failed,Transaction for 47 coins via code.
100,365,ORDER000100,52:10.2,92.02,53,zalopay,pending,Transaction for 53 coins via zalopay.
101,408,ORDER000101,52:10.2,355.29,25,code,completed,Transaction for 25 coins via code.
102,362,ORDER000102,52:10.2,47.12,7,momo,pending,Transaction for 7 coins via momo.
103,189,ORDER000103,52:10.2,755.18,23,zalopay,pending,Transaction for 23 coins via zalopay.
104,197,ORDER000104,52:10.2,831.84,1,zalopay,completed,Transaction for 1 coins via zalopay.
105,180,ORDER000105,52:10.2,337.26,81,code,completed,Transaction for 81 coins via code.
106,279,ORDER000106,52:10.2,457.36,39,code,failed,Transaction for 39 coins via code.
107,438,ORDER000107,52:10.2,87.57,95,momo,pending,Transaction for 95 coins via momo.
108,433,ORDER000108,52:10.2,83.29,52,zalopay,failed,Transaction for 52 coins via zalopay.
109,151,ORDER000109,52:10.2,341.55,87,momo,completed,Transaction for 87 coins via momo.
110,347,ORDER000110,52:10.2,608.76,34,zalopay,pending,Transaction for 34 coins via zalopay.
111,291,ORDER000111,52:10.2,853.02,91,zalopay,failed,Transaction for 91 coins via zalopay.
112,230,ORDER000112,52:10.2,138.97,14,momo,failed,Transaction for 14 coins via momo.
113,264,ORDER000113,52:10.2,929.82,19,momo,pending,Transaction for 19 coins via momo.
114,210,ORDER000114,52:10.2,989.3,90,momo,completed,Transaction for 90 coins via momo.
115,259,ORDER000115,52:10.2,652.75,79,code,failed,Transaction for 79 coins via code.
116,410,ORDER000116,52:10.2,908.95,80,code,completed,Transaction for 80 coins via code.
117,435,ORDER000117,52:10.2,142.39,91,momo,failed,Transaction for 91 coins via momo.
118,176,ORDER000118,52:10.2,339.95,65,momo,failed,Transaction for 65 coins via momo.
119,114,ORDER000119,52:10.2,597.28,27,zalopay,failed,Transaction for 27 coins via zalopay.
120,294,ORDER000120,52:10.2,120.51,87,code,completed,Transaction for 87 coins via code.
121,91,ORDER000121,52:10.2,254.85,33,momo,pending,Transaction for 33 coins via momo.
122,185,ORDER000122,52:10.2,229.92,35,code,failed,Transaction for 35 coins via code.
123,461,ORDER000123,52:10.2,736.37,88,zalopay,failed,Transaction for 88 coins via zalopay.
124,115,ORDER000124,52:10.2,206.69,66,momo,failed,Transaction for 66 coins via momo.
125,283,ORDER000125,52:10.2,416.69,4,momo,pending,Transaction for 4 coins via momo.
126,307,ORDER000126,52:10.2,812.59,92,code,pending,Transaction for 92 coins via code.
127,143,ORDER000127,52:10.2,91.56,66,momo,completed,Transaction for 66 coins via momo.
128,245,ORDER000128,52:10.2,492.1,1,zalopay,pending,Transaction for 1 coins via zalopay.
129,88,ORDER000129,52:10.2,350.79,36,zalopay,pending,Transaction for 36 coins via zalopay.
130,240,ORDER000130,52:10.2,404.56,85,zalopay,failed,Transaction for 85 coins via zalopay.
131,387,ORDER000131,52:10.2,588.48,68,zalopay,failed,Transaction for 68 coins via zalopay.
132,235,ORDER000132,52:10.2,519.21,4,momo,pending,Transaction for 4 coins via momo.
133,246,ORDER000133,52:10.2,610.24,72,zalopay,failed,Transaction for 72 coins via zalopay.
134,395,ORDER000134,52:10.2,886.61,79,zalopay,failed,Transaction for 79 coins via zalopay.
135,208,ORDER000135,52:10.2,591.14,71,code,completed,Transaction for 71 coins via code.
136,155,ORDER000136,52:10.2,851.11,46,momo,pending,Transaction for 46 coins via momo.
137,171,ORDER000137,52:10.2,410.82,73,zalopay,completed,Transaction for 73 coins via zalopay.
138,57,ORDER000138,52:10.2,738.69,25,zalopay,pending,Transaction for 25 coins via zalopay.
139,270,ORDER000139,52:10.2,146.41,48,code,completed,Transaction for 48 coins via code.
140,377,ORDER000140,52:10.2,13.35,38,momo,completed,Transaction for 38 coins via momo.
141,10,ORDER000141,52:10.2,65.01,13,momo,pending,Transaction for 13 coins via momo.
142,308,ORDER000142,52:10.2,387.93,45,code,completed,Transaction for 45 coins via code.
143,171,ORDER000143,52:10.2,876.02,88,momo,pending,Transaction for 88 coins via momo.
144,312,ORDER000144,52:10.2,557.6,35,zalopay,pending,Transaction for 35 coins via zalopay.
145,267,ORDER000145,52:10.2,428.39,52,code,completed,Transaction for 52 coins via code.
146,389,ORDER000146,52:10.2,454.61,71,code,completed,Transaction for 71 coins via code.
147,93,ORDER000147,52:10.2,208,98,code,failed,Transaction for 98 coins via code.
148,49,ORDER000148,52:10.2,929.83,83,zalopay,failed,Transaction for 83 coins via zalopay.
149,292,ORDER000149,52:10.2,894.14,38,zalopay,pending,Transaction for 38 coins via zalopay.
150,460,ORDER000150,52:10.2,502.71,71,code,pending,Transaction for 71 coins via code.
151,102,ORDER000151,52:10.2,226.57,73,zalopay,completed,Transaction for 73 coins via zalopay.
152,281,ORDER000152,52:10.2,935.08,9,code,failed,Transaction for 9 coins via code.
153,268,ORDER000153,52:10.2,345.78,86,code,completed,Transaction for 86 coins via code.
154,323,ORDER000154,52:10.2,643.66,22,momo,pending,Transaction for 22 coins via momo.
155,430,ORDER000155,52:10.2,377.77,60,momo,completed,Transaction for 60 coins via momo.
156,495,ORDER000156,52:10.2,465.29,77,momo,completed,Transaction for 77 coins via momo.
157,458,ORDER000157,52:10.2,122.09,82,zalopay,failed,Transaction for 82 coins via zalopay.
158,418,ORDER000158,52:10.2,546.98,28,zalopay,completed,Transaction for 28 coins via zalopay.
159,424,ORDER000159,52:10.2,633.06,33,code,completed,Transaction for 33 coins via code.
160,149,ORDER000160,52:10.2,153.92,95,code,failed,Transaction for 95 coins via code.
161,230,ORDER000161,52:10.2,100.76,3,zalopay,pending,Transaction for 3 coins via zalopay.
162,287,ORDER000162,52:10.2,720.32,31,momo,completed,Transaction for 31 coins via momo.
163,218,ORDER000163,52:10.2,251.23,30,momo,failed,Transaction for 30 coins via momo.
164,151,ORDER000164,52:10.2,73.05,53,code,completed,Transaction for 53 coins via code.
165,101,ORDER000165,52:10.2,110.67,45,code,failed,Transaction for 45 coins via code.
166,21,ORDER000166,52:10.2,881.04,7,zalopay,completed,Transaction for 7 coins via zalopay.
167,35,ORDER000167,52:10.2,899.89,31,zalopay,completed,Transaction for 31 coins via zalopay.
168,205,ORDER000168,52:10.2,630.33,59,code,completed,Transaction for 59 coins via code.
169,76,ORDER000169,52:10.2,56.86,78,code,completed,Transaction for 78 coins via code.
170,71,ORDER000170,52:10.2,201.86,3,momo,failed,Transaction for 3 coins via momo.
171,255,ORDER000171,52:10.2,555.18,89,code,pending,Transaction for 89 coins via code.
172,17,ORDER000172,52:10.2,941.56,57,momo,pending,Transaction for 57 coins via momo.
173,458,ORDER000173,52:10.2,168.45,91,zalopay,completed,Transaction for 91 coins via zalopay.
174,185,ORDER000174,52:10.2,895.52,87,code,completed,Transaction for 87 coins via code.
175,370,ORDER000175,52:10.2,436.2,73,momo,pending,Transaction for 73 coins via momo.
176,389,ORDER000176,52:10.2,985.94,53,code,completed,Transaction for 53 coins via code.
177,160,ORDER000177,52:10.2,137.17,90,code,pending,Transaction for 90 coins via code.
178,389,ORDER000178,52:10.2,119.63,25,momo,completed,Transaction for 25 coins via momo.
179,137,ORDER000179,52:10.2,576.21,14,code,pending,Transaction for 14 coins via code.
180,356,ORDER000180,52:10.2,628.4,57,momo,completed,Transaction for 57 coins via momo.
181,194,ORDER000181,52:10.2,63.21,47,zalopay,completed,Transaction for 47 coins via zalopay.
182,194,ORDER000182,52:10.2,520.69,80,momo,pending,Transaction for 80 coins via momo.
183,162,ORDER000183,52:10.2,13.94,31,code,pending,Transaction for 31 coins via code.
184,57,ORDER000184,52:10.2,164.19,93,zalopay,completed,Transaction for 93 coins via zalopay.
185,22,ORDER000185,52:10.2,770.26,67,zalopay,pending,Transaction for 67 coins via zalopay.
186,332,ORDER000186,52:10.2,460.77,59,zalopay,completed,Transaction for 59 coins via zalopay.
187,130,ORDER000187,52:10.2,26.9,7,zalopay,completed,Transaction for 7 coins via zalopay.
188,161,ORDER000188,52:10.2,865.51,38,momo,completed,Transaction for 38 coins via momo.
189,7,ORDER000189,52:10.2,159.05,60,zalopay,completed,Transaction for 60 coins via zalopay.
190,481,ORDER000190,52:10.2,369.21,21,code,failed,Transaction for 21 coins via code.
191,225,ORDER000191,52:10.2,306.43,42,zalopay,pending,Transaction for 42 coins via zalopay.
192,427,ORDER000192,52:10.2,162.32,97,zalopay,pending,Transaction for 97 coins via zalopay.
193,318,ORDER000193,52:10.2,450.69,72,momo,failed,Transaction for 72 coins via momo.
194,223,ORDER000194,52:10.2,367.6,26,zalopay,failed,Transaction for 26 coins via zalopay.
195,259,ORDER000195,52:10.2,12.06,24,zalopay,pending,Transaction for 24 coins via zalopay.
196,386,ORDER000196,52:10.2,997.89,34,zalopay,pending,Transaction for 34 coins via zalopay.
197,161,ORDER000197,52:10.2,84.53,30,momo,pending,Transaction for 30 coins via momo.
198,473,ORDER000198,52:10.2,712.9,99,momo,pending,Transaction for 99 coins via momo.
199,256,ORDER000199,52:10.2,335.06,82,momo,failed,Transaction for 82 coins via momo.
200,87,ORDER000200,52:10.2,838.83,98,zalopay,failed,Transaction for 98 coins via zalopay.
201,278,ORDER000201,52:10.2,422.52,14,momo,completed,Transaction for 14 coins via momo.
202,229,ORDER000202,52:10.2,207.93,72,code,failed,Transaction for 72 coins via code.
203,445,ORDER000203,52:10.2,369.25,9,zalopay,failed,Transaction for 9 coins via zalopay.
204,278,ORDER000204,52:10.2,84.37,23,code,completed,Transaction for 23 coins via code.
205,491,ORDER000205,52:10.2,802.09,35,momo,pending,Transaction for 35 coins via momo.
206,167,ORDER000206,52:10.2,422.44,51,momo,failed,Transaction for 51 coins via momo.
207,352,ORDER000207,52:10.2,578.69,7,code,completed,Transaction for 7 coins via code.
208,189,ORDER000208,52:10.2,334.04,86,zalopay,completed,Transaction for 86 coins via zalopay.
209,174,ORDER000209,52:10.2,272.87,67,momo,completed,Transaction for 67 coins via momo.
210,87,ORDER000210,52:10.2,397.98,85,zalopay,failed,Transaction for 85 coins via zalopay.
211,217,ORDER000211,52:10.2,119.63,14,zalopay,pending,Transaction for 14 coins via zalopay.
212,220,ORDER000212,52:10.2,416.88,76,momo,completed,Transaction for 76 coins via momo.
213,204,ORDER000213,52:10.2,261.85,98,code,completed,Transaction for 98 coins via code.
214,401,ORDER000214,52:10.2,964.89,33,momo,failed,Transaction for 33 coins via momo.
215,268,ORDER000215,52:10.2,734.45,23,zalopay,completed,Transaction for 23 coins via zalopay.
216,283,ORDER000216,52:10.2,204.61,34,code,pending,Transaction for 34 coins via code.
217,80,ORDER000217,52:10.2,516.29,76,momo,completed,Transaction for 76 coins via momo.
218,368,ORDER000218,52:10.2,342.5,19,code,pending,Transaction for 19 coins via code.
219,183,ORDER000219,52:10.2,36.63,86,code,pending,Transaction for 86 coins via code.
220,467,ORDER000220,52:10.2,526.69,57,zalopay,pending,Transaction for 57 coins via zalopay.
221,71,ORDER000221,52:10.2,743.6,10,momo,completed,Transaction for 10 coins via momo.
222,343,ORDER000222,52:10.2,606.46,77,code,pending,Transaction for 77 coins via code.
223,110,ORDER000223,52:10.2,234.36,67,code,failed,Transaction for 67 coins via code.
224,136,ORDER000224,52:10.2,756.29,77,momo,pending,Transaction for 77 coins via momo.
225,488,ORDER000225,52:10.2,369.24,24,zalopay,completed,Transaction for 24 coins via zalopay.
226,357,ORDER000226,52:10.2,151.63,89,code,pending,Transaction for 89 coins via code.
227,165,ORDER000227,52:10.2,506.06,31,code,completed,Transaction for 31 coins via code.
228,447,ORDER000228,52:10.2,476.14,27,momo,failed,Transaction for 27 coins via momo.
229,281,ORDER000229,52:10.2,659.71,3,code,pending,Transaction for 3 coins via code.
230,61,ORDER000230,52:10.2,217.08,18,zalopay,pending,Transaction for 18 coins via zalopay.
231,168,ORDER000231,52:10.2,893.61,90,momo,pending,Transaction for 90 coins via momo.
232,404,ORDER000232,52:10.2,30.6,80,zalopay,completed,Transaction for 80 coins via zalopay.
233,48,ORDER000233,52:10.2,388.04,73,zalopay,pending,Transaction for 73 coins via zalopay.
234,76,ORDER000234,52:10.2,204.8,8,code,pending,Transaction for 8 coins via code.
235,171,ORDER000235,52:10.2,406.41,9,zalopay,pending,Transaction for 9 coins via zalopay.
236,294,ORDER000236,52:10.2,940.63,89,code,pending,Transaction for 89 coins via code.
237,460,ORDER000237,52:10.2,160.53,43,momo,failed,Transaction for 43 coins via momo.
238,221,ORDER000238,52:10.2,413.6,67,code,completed,Transaction for 67 coins via code.
239,20,ORDER000239,52:10.2,196.49,49,zalopay,failed,Transaction for 49 coins via zalopay.
240,166,ORDER000240,52:10.2,412.24,74,zalopay,completed,Transaction for 74 coins via zalopay.
241,429,ORDER000241,52:10.2,738.4,5,momo,pending,Transaction for 5 coins via momo.
242,235,ORDER000242,52:10.2,998.35,83,momo,completed,Transaction for 83 coins via momo.
243,258,ORDER000243,52:10.2,340.85,53,momo,failed,Transaction for 53 coins via momo.
244,182,ORDER000244,52:10.2,604.02,99,code,completed,Transaction for 99 coins via code.
245,63,ORDER000245,52:10.2,31.66,71,momo,failed,Transaction for 71 coins via momo.
246,84,ORDER000246,52:10.2,178.17,54,code,failed,Transaction for 54 coins via code.
247,461,ORDER000247,52:10.2,647.98,23,momo,pending,Transaction for 23 coins via momo.
248,237,ORDER000248,52:10.2,420.21,32,zalopay,failed,Transaction for 32 coins via zalopay.
249,130,ORDER000249,52:10.2,210.05,81,momo,pending,Transaction for 81 coins via momo.
250,233,ORDER000250,52:10.2,752.23,18,code,pending,Transaction for 18 coins via code.
251,378,ORDER000251,52:10.2,586.88,24,zalopay,pending,Transaction for 24 coins via zalopay.
252,270,ORDER000252,52:10.2,56.99,85,momo,completed,Transaction for 85 coins via momo.
253,395,ORDER000253,52:10.2,908.54,86,zalopay,completed,Transaction for 86 coins via zalopay.
254,191,ORDER000254,52:10.2,672.35,28,code,pending,Transaction for 28 coins via code.
255,288,ORDER000255,52:10.2,535.77,10,zalopay,pending,Transaction for 10 coins via zalopay.
256,404,ORDER000256,52:10.2,999.13,79,momo,completed,Transaction for 79 coins via momo.
257,471,ORDER000257,52:10.2,231.57,45,momo,pending,Transaction for 45 coins via momo.
258,184,ORDER000258,52:10.2,185.55,18,momo,failed,Transaction for 18 coins via momo.
259,10,ORDER000259,52:10.2,172.99,97,code,pending,Transaction for 97 coins via code.
260,360,ORDER000260,52:10.2,143.48,17,zalopay,completed,Transaction for 17 coins via zalopay.
261,294,ORDER000261,52:10.2,395.7,78,momo,pending,Transaction for 78 coins via momo.
262,139,ORDER000262,52:10.2,250.93,97,code,pending,Transaction for 97 coins via code.
263,413,ORDER000263,52:10.2,386.08,97,code,pending,Transaction for 97 coins via code.
264,276,ORDER000264,52:10.2,642.73,66,zalopay,completed,Transaction for 66 coins via zalopay.
265,208,ORDER000265,52:10.2,415.27,9,momo,completed,Transaction for 9 coins via momo.
266,198,ORDER000266,52:10.2,658.44,32,zalopay,failed,Transaction for 32 coins via zalopay.
267,31,ORDER000267,52:10.2,939.13,27,code,failed,Transaction for 27 coins via code.
268,295,ORDER000268,52:10.2,650.33,48,code,failed,Transaction for 48 coins via code.
269,190,ORDER000269,52:10.2,796.14,100,zalopay,pending,Transaction for 100 coins via zalopay.
270,149,ORDER000270,52:10.2,605.27,88,code,pending,Transaction for 88 coins via code.
271,264,ORDER000271,52:10.2,94.14,46,code,pending,Transaction for 46 coins via code.
272,448,ORDER000272,52:10.2,180.38,22,zalopay,completed,Transaction for 22 coins via zalopay.
273,23,ORDER000273,52:10.2,326.47,16,zalopay,completed,Transaction for 16 coins via zalopay.
274,116,ORDER000274,52:10.2,101.27,6,momo,completed,Transaction for 6 coins via momo.
275,174,ORDER000275,52:10.2,523.07,6,code,failed,Transaction for 6 coins via code.
276,52,ORDER000276,52:10.2,416.92,4,momo,pending,Transaction for 4 coins via momo.
277,3,ORDER000277,52:10.2,976.69,85,zalopay,pending,Transaction for 85 coins via zalopay.
278,261,ORDER000278,52:10.2,136.29,35,code,failed,Transaction for 35 coins via code.
279,89,ORDER000279,52:10.2,236.22,47,momo,pending,Transaction for 47 coins via momo.
280,496,ORDER000280,52:10.2,293.95,47,zalopay,pending,Transaction for 47 coins via zalopay.
281,308,ORDER000281,52:10.2,885.35,35,zalopay,completed,Transaction for 35 coins via zalopay.
282,90,ORDER000282,52:10.2,350.52,26,zalopay,pending,Transaction for 26 coins via zalopay.
283,208,ORDER000283,52:10.2,873.61,58,momo,failed,Transaction for 58 coins via momo.
284,12,ORDER000284,52:10.2,704.58,49,code,pending,Transaction for 49 coins via code.
285,166,ORDER000285,52:10.2,423.68,18,zalopay,pending,Transaction for 18 coins via zalopay.
286,121,ORDER000286,52:10.2,77.29,96,zalopay,completed,Transaction for 96 coins via zalopay.
287,193,ORDER000287,52:10.2,885.62,9,zalopay,pending,Transaction for 9 coins via zalopay.
288,82,ORDER000288,52:10.2,235.72,33,code,pending,Transaction for 33 coins via code.
289,487,ORDER000289,52:10.2,133.74,95,momo,pending,Transaction for 95 coins via momo.
290,60,ORDER000290,52:10.2,846.87,77,momo,completed,Transaction for 77 coins via momo.
291,352,ORDER000291,52:10.2,449.96,47,code,pending,Transaction for 47 coins via code.
292,392,ORDER000292,52:10.2,821.8,15,momo,failed,Transaction for 15 coins via momo.
293,149,ORDER000293,52:10.2,987.56,61,momo,pending,Transaction for 61 coins via momo.
294,369,ORDER000294,52:10.2,827.25,31,code,failed,Transaction for 31 coins via code.
295,74,ORDER000295,52:10.2,407.02,54,code,completed,Transaction for 54 coins via code.
296,452,ORDER000296,52:10.2,403.25,87,zalopay,pending,Transaction for 87 coins via zalopay.
297,23,ORDER000297,52:10.2,648.98,64,code,completed,Transaction for 64 coins via code.
298,334,ORDER000298,52:10.2,21.71,83,momo,pending,Transaction for 83 coins via momo.
299,471,ORDER000299,52:10.2,173.34,84,code,pending,Transaction for 84 coins via code.
300,262,ORDER000300,52:10.2,654.99,9,code,failed,Transaction for 9 coins via code.
301,334,ORDER000301,52:10.2,622.65,31,code,failed,Transaction for 31 coins via code.
302,4,ORDER000302,52:10.2,300.6,72,code,failed,Transaction for 72 coins via code.
303,172,ORDER000303,52:10.2,867.44,17,momo,failed,Transaction for 17 coins via momo.
304,44,ORDER000304,52:10.2,130.44,78,momo,pending,Transaction for 78 coins via momo.
305,39,ORDER000305,52:10.2,347.52,12,code,pending,Transaction for 12 coins via code.
306,267,ORDER000306,52:10.2,51.78,14,momo,failed,Transaction for 14 coins via momo.
307,347,ORDER000307,52:10.2,400.35,97,zalopay,failed,Transaction for 97 coins via zalopay.
308,201,ORDER000308,52:10.2,782.99,1,code,failed,Transaction for 1 coins via code.
309,455,ORDER000309,52:10.2,126.11,57,momo,pending,Transaction for 57 coins via momo.
310,407,ORDER000310,52:10.2,436.19,41,code,failed,Transaction for 41 coins via code.
311,210,ORDER000311,52:10.2,92.47,15,code,failed,Transaction for 15 coins via code.
312,449,ORDER000312,52:10.2,880.68,49,momo,failed,Transaction for 49 coins via momo.
313,334,ORDER000313,52:10.2,862.71,84,zalopay,failed,Transaction for 84 coins via zalopay.
314,202,ORDER000314,52:10.2,22.63,16,momo,completed,Transaction for 16 coins via momo.
315,141,ORDER000315,52:10.2,904.18,74,zalopay,pending,Transaction for 74 coins via zalopay.
316,315,ORDER000316,52:10.2,976.3,76,code,failed,Transaction for 76 coins via code.
317,280,ORDER000317,52:10.2,683.04,26,momo,failed,Transaction for 26 coins via momo.
318,368,ORDER000318,52:10.2,354.14,60,code,failed,Transaction for 60 coins via code.
319,372,ORDER000319,52:10.2,313.38,50,code,pending,Transaction for 50 coins via code.
320,188,ORDER000320,52:10.2,765.57,6,zalopay,failed,Transaction for 6 coins via zalopay.
321,299,ORDER000321,52:10.2,374.12,24,code,failed,Transaction for 24 coins via code.
322,183,ORDER000322,52:10.2,218.29,41,code,pending,Transaction for 41 coins via code.
323,60,ORDER000323,52:10.2,119.63,35,code,completed,Transaction for 35 coins via code.
324,445,ORDER000324,52:10.2,590.11,42,code,failed,Transaction for 42 coins via code.
325,12,ORDER000325,52:10.2,649.54,78,code,failed,Transaction for 78 coins via code.
326,337,ORDER000326,52:10.2,896.62,62,momo,pending,Transaction for 62 coins via momo.
327,247,ORDER000327,52:10.2,20.86,68,zalopay,completed,Transaction for 68 coins via zalopay.
328,225,ORDER000328,52:10.2,21.51,44,zalopay,completed,Transaction for 44 coins via zalopay.
329,197,ORDER000329,52:10.2,753.55,9,momo,failed,Transaction for 9 coins via momo.
330,276,ORDER000330,52:10.2,540.56,70,code,completed,Transaction for 70 coins via code.
331,389,ORDER000331,52:10.2,133.85,68,code,completed,Transaction for 68 coins via code.
332,180,ORDER000332,52:10.2,169.81,52,momo,failed,Transaction for 52 coins via momo.
333,19,ORDER000333,52:10.2,451.03,1,zalopay,completed,Transaction for 1 coins via zalopay.
334,413,ORDER000334,52:10.2,397.26,84,momo,failed,Transaction for 84 coins via momo.
335,285,ORDER000335,52:10.2,417.22,99,code,failed,Transaction for 99 coins via code.
336,160,ORDER000336,52:10.2,306.51,12,zalopay,pending,Transaction for 12 coins via zalopay.
337,317,ORDER000337,52:10.2,797.49,95,momo,pending,Transaction for 95 coins via momo.
338,11,ORDER000338,52:10.2,353.9,81,zalopay,failed,Transaction for 81 coins via zalopay.
339,490,ORDER000339,52:10.2,380.8,29,zalopay,failed,Transaction for 29 coins via zalopay.
340,145,ORDER000340,52:10.2,762.9,84,zalopay,pending,Transaction for 84 coins via zalopay.
341,192,ORDER000341,52:10.2,915.92,70,momo,failed,Transaction for 70 coins via momo.
342,24,ORDER000342,52:10.2,601.27,16,zalopay,pending,Transaction for 16 coins via zalopay.
343,342,ORDER000343,52:10.2,803.52,38,code,completed,Transaction for 38 coins via code.
344,84,ORDER000344,52:10.2,74.19,44,zalopay,failed,Transaction for 44 coins via zalopay.
345,458,ORDER000345,52:10.2,795.93,12,code,completed,Transaction for 12 coins via code.
346,421,ORDER000346,52:10.2,866.93,100,momo,pending,Transaction for 100 coins via momo.
347,37,ORDER000347,52:10.2,851.33,49,zalopay,completed,Transaction for 49 coins via zalopay.
348,492,ORDER000348,52:10.2,17.29,83,momo,completed,Transaction for 83 coins via momo.
349,223,ORDER000349,52:10.2,410.16,49,code,completed,Transaction for 49 coins via code.
350,289,ORDER000350,52:10.2,804.72,29,zalopay,failed,Transaction for 29 coins via zalopay.
351,425,ORDER000351,52:10.2,280.68,44,momo,pending,Transaction for 44 coins via momo.
352,451,ORDER000352,52:10.2,661.75,4,momo,failed,Transaction for 4 coins via momo.
353,55,ORDER000353,52:10.2,372.54,61,zalopay,failed,Transaction for 61 coins via zalopay.
354,322,ORDER000354,52:10.2,639.56,76,zalopay,completed,Transaction for 76 coins via zalopay.
355,306,ORDER000355,52:10.2,92.11,25,code,pending,Transaction for 25 coins via code.
356,371,ORDER000356,52:10.2,841.04,95,momo,completed,Transaction for 95 coins via momo.
357,229,ORDER000357,52:10.2,81.38,48,code,pending,Transaction for 48 coins via code.
358,49,ORDER000358,52:10.2,436.38,57,momo,pending,Transaction for 57 coins via momo.
359,26,ORDER000359,52:10.2,479.11,42,momo,pending,Transaction for 42 coins via momo.
360,193,ORDER000360,52:10.2,846.03,28,zalopay,pending,Transaction for 28 coins via zalopay.
361,37,ORDER000361,52:10.2,370.05,85,momo,completed,Transaction for 85 coins via momo.
362,399,ORDER000362,52:10.2,543.17,79,momo,failed,Transaction for 79 coins via momo.
363,177,ORDER000363,52:10.2,330.73,100,code,failed,Transaction for 100 coins via code.
364,462,ORDER000364,52:10.2,672.13,94,code,completed,Transaction for 94 coins via code.
365,445,ORDER000365,52:10.2,32.84,21,zalopay,pending,Transaction for 21 coins via zalopay.
366,30,ORDER000366,52:10.2,365.06,38,momo,pending,Transaction for 38 coins via momo.
367,478,ORDER000367,52:10.2,670.74,13,code,failed,Transaction for 13 coins via code.
368,479,ORDER000368,52:10.2,54.73,8,zalopay,failed,Transaction for 8 coins via zalopay.
369,329,ORDER000369,52:10.2,279.93,17,momo,failed,Transaction for 17 coins via momo.
370,339,ORDER000370,52:10.2,998.44,24,momo,completed,Transaction for 24 coins via momo.
371,327,ORDER000371,52:10.2,940.55,81,code,pending,Transaction for 81 coins via code.
372,90,ORDER000372,52:10.2,831.9,86,code,failed,Transaction for 86 coins via code.
373,249,ORDER000373,52:10.2,321.58,21,momo,completed,Transaction for 21 coins via momo.
374,158,ORDER000374,52:10.2,472.44,94,momo,pending,Transaction for 94 coins via momo.
375,225,ORDER000375,52:10.2,418.21,74,code,completed,Transaction for 74 coins via code.
376,497,ORDER000376,52:10.2,343.46,2,zalopay,failed,Transaction for 2 coins via zalopay.
377,325,ORDER000377,52:10.2,783.19,89,zalopay,failed,Transaction for 89 coins via zalopay.
378,338,ORDER000378,52:10.2,148.16,32,zalopay,completed,Transaction for 32 coins via zalopay.
379,14,ORDER000379,52:10.2,990.93,83,zalopay,pending,Transaction for 83 coins via zalopay.
380,487,ORDER000380,52:10.2,911.55,55,code,pending,Transaction for 55 coins via code.
381,498,ORDER000381,52:10.2,106,60,code,failed,Transaction for 60 coins via code.
382,447,ORDER000382,52:10.2,918.87,82,code,failed,Transaction for 82 coins via code.
383,423,ORDER000383,52:10.2,74.87,50,zalopay,failed,Transaction for 50 coins via zalopay.
384,122,ORDER000384,52:10.2,68.36,80,zalopay,completed,Transaction for 80 coins via zalopay.
385,104,ORDER000385,52:10.2,891.59,82,zalopay,pending,Transaction for 82 coins via zalopay.
386,53,ORDER000386,52:10.2,363.55,76,momo,failed,Transaction for 76 coins via momo.
387,381,ORDER000387,52:10.2,227.24,21,momo,pending,Transaction for 21 coins via momo.
388,202,ORDER000388,52:10.2,200.5,57,code,completed,Transaction for 57 coins via code.
389,143,ORDER000389,52:10.2,59.6,14,zalopay,pending,Transaction for 14 coins via zalopay.
390,274,ORDER000390,52:10.2,32.54,32,zalopay,failed,Transaction for 32 coins via zalopay.
391,183,ORDER000391,52:10.2,81.8,84,momo,pending,Transaction for 84 coins via momo.
392,402,ORDER000392,52:10.2,228.19,79,zalopay,failed,Transaction for 79 coins via zalopay.
393,496,ORDER000393,52:10.2,316.59,45,code,pending,Transaction for 45 coins via code.
394,333,ORDER000394,52:10.2,615.71,18,zalopay,failed,Transaction for 18 coins via zalopay.
395,338,ORDER000395,52:10.2,217.45,46,zalopay,pending,Transaction for 46 coins via zalopay.
396,200,ORDER000396,52:10.2,145.46,99,zalopay,pending,Transaction for 99 coins via zalopay.
397,467,ORDER000397,52:10.2,555.92,14,momo,failed,Transaction for 14 coins via momo.
398,200,ORDER000398,52:10.2,320.47,81,zalopay,pending,Transaction for 81 coins via zalopay.
399,265,ORDER000399,52:10.2,986.23,64,zalopay,completed,Transaction for 64 coins via zalopay.
400,420,ORDER000400,52:10.2,316.59,23,momo,completed,Transaction for 23 coins via momo.
401,220,ORDER000401,52:10.2,96.64,9,code,failed,Transaction for 9 coins via code.
402,379,ORDER000402,52:10.2,198.36,26,zalopay,failed,Transaction for 26 coins via zalopay.
403,456,ORDER000403,52:10.2,564.93,88,momo,completed,Transaction for 88 coins via momo.
404,498,ORDER000404,52:10.2,260.14,68,zalopay,pending,Transaction for 68 coins via zalopay.
405,186,ORDER000405,52:10.2,54.33,88,code,completed,Transaction for 88 coins via code.
406,163,ORDER000406,52:10.2,67.61,88,zalopay,completed,Transaction for 88 coins via zalopay.
407,484,ORDER000407,52:10.2,740.94,50,zalopay,pending,Transaction for 50 coins via zalopay.
408,359,ORDER000408,52:10.2,39.32,41,zalopay,failed,Transaction for 41 coins via zalopay.
409,18,ORDER000409,52:10.2,654.42,10,momo,completed,Transaction for 10 coins via momo.
410,104,ORDER000410,52:10.2,596.36,41,momo,completed,Transaction for 41 coins via momo.
411,165,ORDER000411,52:10.2,497.39,89,momo,completed,Transaction for 89 coins via momo.
412,275,ORDER000412,52:10.2,443.53,29,momo,pending,Transaction for 29 coins via momo.
413,213,ORDER000413,52:10.2,423.62,54,code,failed,Transaction for 54 coins via code.
414,88,ORDER000414,52:10.2,236.36,55,code,failed,Transaction for 55 coins via code.
415,452,ORDER000415,52:10.2,35.89,87,code,pending,Transaction for 87 coins via code.
416,498,ORDER000416,52:10.2,540.2,25,zalopay,pending,Transaction for 25 coins via zalopay.
417,286,ORDER000417,52:10.2,634.32,18,zalopay,completed,Transaction for 18 coins via zalopay.
418,425,ORDER000418,52:10.2,553.73,13,momo,completed,Transaction for 13 coins via momo.
419,26,ORDER000419,52:10.2,106.13,38,code,pending,Transaction for 38 coins via code.
420,346,ORDER000420,52:10.2,63.58,36,code,failed,Transaction for 36 coins via code.
421,43,ORDER000421,52:10.2,483.15,68,code,failed,Transaction for 68 coins via code.
422,419,ORDER000422,52:10.2,532.45,45,zalopay,completed,Transaction for 45 coins via zalopay.
423,235,ORDER000423,52:10.2,429.69,59,code,failed,Transaction for 59 coins via code.
424,459,ORDER000424,52:10.2,308.33,69,momo,completed,Transaction for 69 coins via momo.
425,268,ORDER000425,52:10.2,36.46,34,zalopay,completed,Transaction for 34 coins via zalopay.
426,98,ORDER000426,52:10.2,970.75,86,code,failed,Transaction for 86 coins via code.
427,160,ORDER000427,52:10.2,554.99,78,code,pending,Transaction for 78 coins via code.
428,248,ORDER000428,52:10.2,118.1,43,zalopay,failed,Transaction for 43 coins via zalopay.
429,391,ORDER000429,52:10.2,335.97,22,code,failed,Transaction for 22 coins via code.
430,426,ORDER000430,52:10.2,148.62,81,code,failed,Transaction for 81 coins via code.
431,388,ORDER000431,52:10.2,112.79,56,zalopay,pending,Transaction for 56 coins via zalopay.
432,126,ORDER000432,52:10.2,347.16,91,momo,failed,Transaction for 91 coins via momo.
433,105,ORDER000433,52:10.2,414.71,73,momo,failed,Transaction for 73 coins via momo.
434,292,ORDER000434,52:10.2,562.78,52,zalopay,completed,Transaction for 52 coins via zalopay.
435,163,ORDER000435,52:10.2,756.91,7,zalopay,failed,Transaction for 7 coins via zalopay.
436,425,ORDER000436,52:10.2,247.32,21,code,failed,Transaction for 21 coins via code.
437,131,ORDER000437,52:10.2,825.04,25,momo,completed,Transaction for 25 coins via momo.
438,138,ORDER000438,52:10.2,701.73,65,code,pending,Transaction for 65 coins via code.
439,67,ORDER000439,52:10.2,169.99,49,zalopay,failed,Transaction for 49 coins via zalopay.
440,13,ORDER000440,52:10.2,443.05,18,code,pending,Transaction for 18 coins via code.
441,124,ORDER000441,52:10.2,966.88,78,zalopay,completed,Transaction for 78 coins via zalopay.
442,187,ORDER000442,52:10.2,66.3,34,code,pending,Transaction for 34 coins via code.
443,80,ORDER000443,52:10.2,665.94,43,momo,pending,Transaction for 43 coins via momo.
444,333,ORDER000444,52:10.2,12.86,98,momo,failed,Transaction for 98 coins via momo.
445,481,ORDER000445,52:10.2,719.53,55,zalopay,completed,Transaction for 55 coins via zalopay.
446,93,ORDER000446,52:10.2,663.78,48,momo,failed,Transaction for 48 coins via momo.
447,66,ORDER000447,52:10.2,326.72,15,code,failed,Transaction for 15 coins via code.
448,452,ORDER000448,52:10.2,451.16,41,zalopay,completed,Transaction for 41 coins via zalopay.
449,42,ORDER000449,52:10.2,883.22,4,momo,failed,Transaction for 4 coins via momo.
450,335,ORDER000450,52:10.2,892.29,37,code,failed,Transaction for 37 coins via code.
451,340,ORDER000451,52:10.2,205.86,3,momo,failed,Transaction for 3 coins via momo.
452,469,ORDER000452,52:10.2,844.48,16,zalopay,completed,Transaction for 16 coins via zalopay.
453,304,ORDER000453,52:10.2,829.3,50,code,completed,Transaction for 50 coins via code.
454,470,ORDER000454,52:10.2,541.75,89,zalopay,failed,Transaction for 89 coins via zalopay.
455,449,ORDER000455,52:10.2,880.75,64,code,completed,Transaction for 64 coins via code.
456,414,ORDER000456,52:10.2,74.99,18,code,pending,Transaction for 18 coins via code.
457,122,ORDER000457,52:10.2,508.2,37,code,pending,Transaction for 37 coins via code.
458,186,ORDER000458,52:10.2,846.89,27,momo,pending,Transaction for 27 coins via momo.
459,255,ORDER000459,52:10.2,504.92,70,code,completed,Transaction for 70 coins via code.
460,369,ORDER000460,52:10.2,508.17,85,zalopay,failed,Transaction for 85 coins via zalopay.
461,288,ORDER000461,52:10.2,956.11,47,code,failed,Transaction for 47 coins via code.
462,226,ORDER000462,52:10.2,607.28,23,code,completed,Transaction for 23 coins via code.
463,237,ORDER000463,52:10.2,261.35,92,zalopay,failed,Transaction for 92 coins via zalopay.
464,445,ORDER000464,52:10.2,810.49,51,zalopay,pending,Transaction for 51 coins via zalopay.
465,280,ORDER000465,52:10.2,469.56,85,zalopay,completed,Transaction for 85 coins via zalopay.
466,276,ORDER000466,52:10.2,315.65,88,zalopay,completed,Transaction for 88 coins via zalopay.
467,450,ORDER000467,52:10.2,490.31,62,momo,failed,Transaction for 62 coins via momo.
468,251,ORDER000468,52:10.2,629.22,99,zalopay,completed,Transaction for 99 coins via zalopay.
469,128,ORDER000469,52:10.2,135.53,45,momo,failed,Transaction for 45 coins via momo.
470,394,ORDER000470,52:10.2,215.02,48,code,failed,Transaction for 48 coins via code.
471,410,ORDER000471,52:10.2,945.94,36,zalopay,pending,Transaction for 36 coins via zalopay.
472,199,ORDER000472,52:10.2,576.76,82,code,pending,Transaction for 82 coins via code.
473,309,ORDER000473,52:10.2,358.81,19,zalopay,completed,Transaction for 19 coins via zalopay.
474,487,ORDER000474,52:10.2,636.86,56,zalopay,completed,Transaction for 56 coins via zalopay.
475,100,ORDER000475,52:10.2,553.19,16,momo,failed,Transaction for 16 coins via momo.
476,173,ORDER000476,52:10.2,765.89,31,momo,failed,Transaction for 31 coins via momo.
477,250,ORDER000477,52:10.2,435.99,41,code,pending,Transaction for 41 coins via code.
478,404,ORDER000478,52:10.2,466.08,4,momo,pending,Transaction for 4 coins via momo.
479,336,ORDER000479,52:10.2,888.75,2,code,pending,Transaction for 2 coins via code.
480,285,ORDER000480,52:10.2,528.29,67,zalopay,completed,Transaction for 67 coins via zalopay.
481,40,ORDER000481,52:10.2,554.53,4,momo,completed,Transaction for 4 coins via momo.
482,477,ORDER000482,52:10.2,518.35,25,zalopay,pending,Transaction for 25 coins via zalopay.
483,340,ORDER000483,52:10.2,427.92,44,momo,failed,Transaction for 44 coins via momo.
484,288,ORDER000484,52:10.2,964.23,75,zalopay,failed,Transaction for 75 coins via zalopay.
485,492,ORDER000485,52:10.2,847.9,92,momo,failed,Transaction for 92 coins via momo.
486,427,ORDER000486,52:10.2,906.34,5,momo,failed,Transaction for 5 coins via momo.
487,357,ORDER000487,52:10.2,500.76,10,momo,completed,Transaction for 10 coins via momo.
488,345,ORDER000488,52:10.2,572.92,21,zalopay,completed,Transaction for 21 coins via zalopay.
489,479,ORDER000489,52:10.2,682.82,61,zalopay,completed,Transaction for 61 coins via zalopay.
490,456,ORDER000490,52:10.2,158.53,95,momo,failed,Transaction for 95 coins via momo.
491,431,ORDER000491,52:10.2,876.91,83,momo,failed,Transaction for 83 coins via momo.
492,278,ORDER000492,52:10.2,327.79,12,momo,completed,Transaction for 12 coins via momo.
493,414,ORDER000493,52:10.2,422.51,88,code,pending,Transaction for 88 coins via code.
494,57,ORDER000494,52:10.2,894.77,89,momo,failed,Transaction for 89 coins via momo.
495,1,ORDER000495,52:10.2,919.42,76,zalopay,pending,Transaction for 76 coins via zalopay.
496,24,ORDER000496,52:10.2,602.26,100,zalopay,completed,Transaction for 100 coins via zalopay.
497,449,ORDER000497,52:10.2,88.5,46,zalopay,completed,Transaction for 46 coins via zalopay.
498,177,ORDER000498,52:10.2,698.64,42,momo,failed,Transaction for 42 coins via momo.
499,165,ORDER000499,52:10.2,898.13,54,code,failed,Transaction for 54 coins via code.
500,471,ORDER000500,52:10.2,857.65,87,code,completed,Transaction for 87 coins via code.
501,424,ORDER000501,52:10.2,373.7,10,code,pending,Transaction for 10 coins via code.
502,172,ORDER000502,52:10.2,473.41,60,zalopay,pending,Transaction for 60 coins via zalopay.
503,70,ORDER000503,52:10.2,549.17,93,code,failed,Transaction for 93 coins via code.
504,83,ORDER000504,52:10.2,841.08,29,code,pending,Transaction for 29 coins via code.
505,404,ORDER000505,52:10.2,487.89,83,code,pending,Transaction for 83 coins via code.
506,281,ORDER000506,52:10.2,672.61,39,code,pending,Transaction for 39 coins via code.
507,470,ORDER000507,52:10.2,533.41,34,momo,pending,Transaction for 34 coins via momo.
508,279,ORDER000508,52:10.2,548.17,3,momo,failed,Transaction for 3 coins via momo.
509,300,ORDER000509,52:10.2,135.68,20,momo,failed,Transaction for 20 coins via momo.
510,95,ORDER000510,52:10.2,282.7,37,zalopay,pending,Transaction for 37 coins via zalopay.
511,311,ORDER000511,52:10.2,161.72,22,code,pending,Transaction for 22 coins via code.
512,356,ORDER000512,52:10.2,520.87,35,code,failed,Transaction for 35 coins via code.
513,417,ORDER000513,52:10.2,949.74,80,momo,failed,Transaction for 80 coins via momo.
514,115,ORDER000514,52:10.2,796.54,58,zalopay,pending,Transaction for 58 coins via zalopay.
515,366,ORDER000515,52:10.2,491.33,59,code,pending,Transaction for 59 coins via code.
516,430,ORDER000516,52:10.2,689.56,56,zalopay,failed,Transaction for 56 coins via zalopay.
517,243,ORDER000517,52:10.2,639.57,6,code,pending,Transaction for 6 coins via code.
518,205,ORDER000518,52:10.2,201.38,83,zalopay,pending,Transaction for 83 coins via zalopay.
519,313,ORDER000519,52:10.2,233.37,35,zalopay,completed,Transaction for 35 coins via zalopay.
520,496,ORDER000520,52:10.2,56.69,72,code,failed,Transaction for 72 coins via code.
521,458,ORDER000521,52:10.2,451.82,91,zalopay,failed,Transaction for 91 coins via zalopay.
522,360,ORDER000522,52:10.2,355.99,58,zalopay,pending,Transaction for 58 coins via zalopay.
523,187,ORDER000523,52:10.2,445.55,1,momo,pending,Transaction for 1 coins via momo.
524,38,ORDER000524,52:10.2,971.81,76,code,completed,Transaction for 76 coins via code.
525,237,ORDER000525,52:10.2,68.58,97,zalopay,completed,Transaction for 97 coins via zalopay.
526,119,ORDER000526,52:10.2,679.28,4,momo,completed,Transaction for 4 coins via momo.
527,218,ORDER000527,52:10.2,271.79,10,code,failed,Transaction for 10 coins via code.
528,26,ORDER000528,52:10.2,502.48,15,momo,pending,Transaction for 15 coins via momo.
529,67,ORDER000529,52:10.2,316.36,62,momo,completed,Transaction for 62 coins via momo.
530,487,ORDER000530,52:10.2,863.67,87,zalopay,failed,Transaction for 87 coins via zalopay.
531,221,ORDER000531,52:10.2,534.38,61,momo,failed,Transaction for 61 coins via momo.
532,341,ORDER000532,52:10.2,387.27,20,code,pending,Transaction for 20 coins via code.
533,463,ORDER000533,52:10.2,504.26,35,momo,completed,Transaction for 35 coins via momo.
534,446,ORDER000534,52:10.2,478.88,68,code,pending,Transaction for 68 coins via code.
535,101,ORDER000535,52:10.2,706.29,32,code,pending,Transaction for 32 coins via code.
536,410,ORDER000536,52:10.2,618.37,32,zalopay,completed,Transaction for 32 coins via zalopay.
537,2,ORDER000537,52:10.2,316.79,59,zalopay,completed,Transaction for 59 coins via zalopay.
538,380,ORDER000538,52:10.2,297.14,82,zalopay,failed,Transaction for 82 coins via zalopay.
539,181,ORDER000539,52:10.2,204.72,37,zalopay,pending,Transaction for 37 coins via zalopay.
540,5,ORDER000540,52:10.2,195.28,29,zalopay,completed,Transaction for 29 coins via zalopay.
541,329,ORDER000541,52:10.2,283.86,26,momo,completed,Transaction for 26 coins via momo.
542,41,ORDER000542,52:10.2,462.96,75,momo,pending,Transaction for 75 coins via momo.
543,437,ORDER000543,52:10.2,430.59,30,zalopay,failed,Transaction for 30 coins via zalopay.
544,307,ORDER000544,52:10.2,471.54,3,code,completed,Transaction for 3 coins via code.
545,18,ORDER000545,52:10.2,974.03,15,code,completed,Transaction for 15 coins via code.
546,242,ORDER000546,52:10.2,490.18,18,code,pending,Transaction for 18 coins via code.
547,82,ORDER000547,52:10.2,52.7,48,zalopay,pending,Transaction for 48 coins via zalopay.
548,428,ORDER000548,52:10.2,917.79,63,code,failed,Transaction for 63 coins via code.
549,189,ORDER000549,52:10.2,740.64,26,momo,completed,Transaction for 26 coins via momo.
550,486,ORDER000550,52:10.2,447.27,78,zalopay,failed,Transaction for 78 coins via zalopay.
551,474,ORDER000551,52:10.2,677.82,75,code,completed,Transaction for 75 coins via code.
552,351,ORDER000552,52:10.2,545.88,23,zalopay,failed,Transaction for 23 coins via zalopay.
553,358,ORDER000553,52:10.2,868.09,17,code,pending,Transaction for 17 coins via code.
554,191,ORDER000554,52:10.2,101.78,39,momo,failed,Transaction for 39 coins via momo.
555,15,ORDER000555,52:10.2,179.78,16,code,completed,Transaction for 16 coins via code.
556,341,ORDER000556,52:10.2,713.59,69,momo,completed,Transaction for 69 coins via momo.
557,360,ORDER000557,52:10.2,666.37,78,zalopay,failed,Transaction for 78 coins via zalopay.
558,247,ORDER000558,52:10.2,855.29,41,momo,pending,Transaction for 41 coins via momo.
559,224,ORDER000559,52:10.2,227.11,92,momo,completed,Transaction for 92 coins via momo.
560,276,ORDER000560,52:10.2,254.47,94,zalopay,completed,Transaction for 94 coins via zalopay.
561,300,ORDER000561,52:10.2,508.99,73,zalopay,failed,Transaction for 73 coins via zalopay.
562,52,ORDER000562,52:10.2,518.48,20,code,completed,Transaction for 20 coins via code.
563,471,ORDER000563,52:10.2,981.49,67,code,completed,Transaction for 67 coins via code.
564,163,ORDER000564,52:10.2,88.35,36,zalopay,pending,Transaction for 36 coins via zalopay.
565,494,ORDER000565,52:10.2,514.99,94,code,failed,Transaction for 94 coins via code.
566,405,ORDER000566,52:10.2,996.73,30,momo,completed,Transaction for 30 coins via momo.
567,255,ORDER000567,52:10.2,146.64,56,zalopay,pending,Transaction for 56 coins via zalopay.
568,429,ORDER000568,52:10.2,480.58,30,zalopay,pending,Transaction for 30 coins via zalopay.
569,235,ORDER000569,52:10.2,300.97,45,momo,completed,Transaction for 45 coins via momo.
570,229,ORDER000570,52:10.2,151.67,12,code,failed,Transaction for 12 coins via code.
571,292,ORDER000571,52:10.2,582.26,67,zalopay,pending,Transaction for 67 coins via zalopay.
572,75,ORDER000572,52:10.2,699.74,54,code,failed,Transaction for 54 coins via code.
573,79,ORDER000573,52:10.2,657.4,14,zalopay,pending,Transaction for 14 coins via zalopay.
574,298,ORDER000574,52:10.2,227.39,71,zalopay,completed,Transaction for 71 coins via zalopay.
575,394,ORDER000575,52:10.2,43.04,5,code,pending,Transaction for 5 coins via code.
576,74,ORDER000576,52:10.2,650.79,51,momo,completed,Transaction for 51 coins via momo.
577,449,ORDER000577,52:10.2,712.45,96,code,failed,Transaction for 96 coins via code.
578,132,ORDER000578,52:10.2,847.71,26,zalopay,failed,Transaction for 26 coins via zalopay.
579,310,ORDER000579,52:10.2,428.45,2,zalopay,completed,Transaction for 2 coins via zalopay.
580,28,ORDER000580,52:10.2,651.47,93,momo,pending,Transaction for 93 coins via momo.
581,404,ORDER000581,52:10.2,426.09,39,code,completed,Transaction for 39 coins via code.
582,11,ORDER000582,52:10.2,828.67,5,code,pending,Transaction for 5 coins via code.
583,238,ORDER000583,52:10.2,812.38,41,momo,completed,Transaction for 41 coins via momo.
584,382,ORDER000584,52:10.2,479.67,86,momo,completed,Transaction for 86 coins via momo.
585,130,ORDER000585,52:10.2,661.7,99,code,completed,Transaction for 99 coins via code.
586,285,ORDER000586,52:10.2,763,65,zalopay,pending,Transaction for 65 coins via zalopay.
587,399,ORDER000587,52:10.2,671.27,21,zalopay,completed,Transaction for 21 coins via zalopay.
588,86,ORDER000588,52:10.2,308.42,34,momo,failed,Transaction for 34 coins via momo.
589,154,ORDER000589,52:10.2,700.81,89,zalopay,failed,Transaction for 89 coins via zalopay.
590,455,ORDER000590,52:10.2,984.81,19,zalopay,completed,Transaction for 19 coins via zalopay.
591,307,ORDER000591,52:10.2,566.61,56,code,completed,Transaction for 56 coins via code.
592,234,ORDER000592,52:10.2,336.53,15,zalopay,completed,Transaction for 15 coins via zalopay.
593,459,ORDER000593,52:10.2,308.88,48,momo,completed,Transaction for 48 coins via momo.
594,187,ORDER000594,52:10.2,256.67,92,zalopay,completed,Transaction for 92 coins via zalopay.
595,413,ORDER000595,52:10.2,311.84,97,code,failed,Transaction for 97 coins via code.
596,353,ORDER000596,52:10.2,989.35,88,zalopay,failed,Transaction for 88 coins via zalopay.
597,390,ORDER000597,52:10.2,351.38,89,code,failed,Transaction for 89 coins via code.
598,83,ORDER000598,52:10.2,66.65,52,momo,failed,Transaction for 52 coins via momo.
599,288,ORDER000599,52:10.2,483.29,11,zalopay,failed,Transaction for 11 coins via zalopay.
600,244,ORDER000600,52:10.2,278.55,100,zalopay,pending,Transaction for 100 coins via zalopay.
601,237,ORDER000601,52:10.2,548.5,68,code,pending,Transaction for 68 coins via code.
602,62,ORDER000602,52:10.2,759.21,14,code,pending,Transaction for 14 coins via code.
603,39,ORDER000603,52:10.2,320.36,74,momo,failed,Transaction for 74 coins via momo.
604,366,ORDER000604,52:10.2,576.21,84,code,pending,Transaction for 84 coins via code.
605,369,ORDER000605,52:10.2,667.33,21,zalopay,pending,Transaction for 21 coins via zalopay.
606,336,ORDER000606,52:10.2,11.3,55,code,failed,Transaction for 55 coins via code.
607,323,ORDER000607,52:10.2,728.76,24,momo,pending,Transaction for 24 coins via momo.
608,369,ORDER000608,52:10.2,366.2,42,momo,failed,Transaction for 42 coins via momo.
609,488,ORDER000609,52:10.2,71.87,2,momo,pending,Transaction for 2 coins via momo.
610,353,ORDER000610,52:10.2,865.99,77,zalopay,failed,Transaction for 77 coins via zalopay.
611,99,ORDER000611,52:10.2,874.59,62,code,completed,Transaction for 62 coins via code.
612,470,ORDER000612,52:10.2,615.93,27,momo,completed,Transaction for 27 coins via momo.
613,316,ORDER000613,52:10.2,109.96,79,momo,pending,Transaction for 79 coins via momo.
614,368,ORDER000614,52:10.2,597.67,12,code,pending,Transaction for 12 coins via code.
615,415,ORDER000615,52:10.2,811.33,53,momo,pending,Transaction for 53 coins via momo.
616,361,ORDER000616,52:10.2,524.84,11,zalopay,completed,Transaction for 11 coins via zalopay.
617,134,ORDER000617,52:10.2,329.68,66,code,pending,Transaction for 66 coins via code.
618,149,ORDER000618,52:10.2,736.07,19,momo,failed,Transaction for 19 coins via momo.
619,38,ORDER000619,52:10.2,78.69,99,code,failed,Transaction for 99 coins via code.
620,20,ORDER000620,52:10.2,561.78,85,code,failed,Transaction for 85 coins via code.
621,114,ORDER000621,52:10.2,94.61,65,code,completed,Transaction for 65 coins via code.
622,408,ORDER000622,52:10.2,130.89,83,momo,pending,Transaction for 83 coins via momo.
623,454,ORDER000623,52:10.2,773.88,28,zalopay,pending,Transaction for 28 coins via zalopay.
624,227,ORDER000624,52:10.2,872.76,3,code,failed,Transaction for 3 coins via code.
625,331,ORDER000625,52:10.2,124.77,96,code,completed,Transaction for 96 coins via code.
626,77,ORDER000626,52:10.2,813.87,57,momo,pending,Transaction for 57 coins via momo.
627,390,ORDER000627,52:10.2,891.31,94,momo,failed,Transaction for 94 coins via momo.
628,483,ORDER000628,52:10.2,682.8,95,momo,pending,Transaction for 95 coins via momo.
629,272,ORDER000629,52:10.2,300.67,87,momo,completed,Transaction for 87 coins via momo.
630,267,ORDER000630,52:10.2,693.84,18,zalopay,failed,Transaction for 18 coins via zalopay.
631,97,ORDER000631,52:10.2,483.62,42,momo,failed,Transaction for 42 coins via momo.
632,194,ORDER000632,52:10.2,982.99,35,zalopay,pending,Transaction for 35 coins via zalopay.
633,79,ORDER000633,52:10.2,969.24,46,momo,pending,Transaction for 46 coins via momo.
634,460,ORDER000634,52:10.2,778.2,14,zalopay,failed,Transaction for 14 coins via zalopay.
635,426,ORDER000635,52:10.2,746.6,12,momo,pending,Transaction for 12 coins via momo.
636,227,ORDER000636,52:10.2,573.99,22,code,pending,Transaction for 22 coins via code.
637,412,ORDER000637,52:10.2,133.53,46,code,failed,Transaction for 46 coins via code.
638,179,ORDER000638,52:10.2,204.61,83,zalopay,failed,Transaction for 83 coins via zalopay.
639,68,ORDER000639,52:10.2,438.89,23,momo,completed,Transaction for 23 coins via momo.
640,211,ORDER000640,52:10.2,55.05,24,momo,pending,Transaction for 24 coins via momo.
641,137,ORDER000641,52:10.2,98.65,13,code,completed,Transaction for 13 coins via code.
642,291,ORDER000642,52:10.2,119.51,87,zalopay,pending,Transaction for 87 coins via zalopay.
643,472,ORDER000643,52:10.2,428.16,9,zalopay,pending,Transaction for 9 coins via zalopay.
644,175,ORDER000644,52:10.2,57.47,44,momo,pending,Transaction for 44 coins via momo.
645,442,ORDER000645,52:10.2,182.28,54,code,completed,Transaction for 54 coins via code.
646,99,ORDER000646,52:10.2,146.96,94,zalopay,completed,Transaction for 94 coins via zalopay.
647,435,ORDER000647,52:10.2,950.88,74,momo,pending,Transaction for 74 coins via momo.
648,102,ORDER000648,52:10.2,33.17,83,code,completed,Transaction for 83 coins via code.
649,436,ORDER000649,52:10.2,620.82,26,momo,failed,Transaction for 26 coins via momo.
650,5,ORDER000650,52:10.2,328.89,3,zalopay,pending,Transaction for 3 coins via zalopay.
651,52,ORDER000651,52:10.2,378.63,64,code,completed,Transaction for 64 coins via code.
652,233,ORDER000652,52:10.2,275.64,6,zalopay,pending,Transaction for 6 coins via zalopay.
653,382,ORDER000653,52:10.2,807.47,66,momo,pending,Transaction for 66 coins via momo.
654,119,ORDER000654,52:10.2,446.31,79,zalopay,completed,Transaction for 79 coins via zalopay.
655,409,ORDER000655,52:10.2,940.3,50,momo,failed,Transaction for 50 coins via momo.
656,386,ORDER000656,52:10.2,236.15,89,momo,pending,Transaction for 89 coins via momo.
657,391,ORDER000657,52:10.2,581.23,8,code,pending,Transaction for 8 coins via code.
658,373,ORDER000658,52:10.2,525.14,34,momo,pending,Transaction for 34 coins via momo.
659,422,ORDER000659,52:10.2,562.42,88,code,failed,Transaction for 88 coins via code.
660,336,ORDER000660,52:10.2,139.89,32,zalopay,completed,Transaction for 32 coins via zalopay.
661,277,ORDER000661,52:10.2,298.62,84,code,completed,Transaction for 84 coins via code.
662,195,ORDER000662,52:10.2,710.66,40,momo,failed,Transaction for 40 coins via momo.
663,368,ORDER000663,52:10.2,695.14,35,momo,pending,Transaction for 35 coins via momo.
664,401,ORDER000664,52:10.2,481.72,38,zalopay,failed,Transaction for 38 coins via zalopay.
665,381,ORDER000665,52:10.2,639.38,27,momo,pending,Transaction for 27 coins via momo.
666,90,ORDER000666,52:10.2,37.45,61,code,completed,Transaction for 61 coins via code.
667,9,ORDER000667,52:10.2,827.13,71,momo,failed,Transaction for 71 coins via momo.
668,17,ORDER000668,52:10.2,674.28,14,momo,failed,Transaction for 14 coins via momo.
669,399,ORDER000669,52:10.2,487.88,76,momo,pending,Transaction for 76 coins via momo.
670,187,ORDER000670,52:10.2,775.16,3,code,completed,Transaction for 3 coins via code.
671,248,ORDER000671,52:10.2,326.48,98,code,pending,Transaction for 98 coins via code.
672,77,ORDER000672,52:10.2,817.01,93,momo,failed,Transaction for 93 coins via momo.
673,470,ORDER000673,52:10.2,864.86,75,momo,completed,Transaction for 75 coins via momo.
674,373,ORDER000674,52:10.2,823.5,57,code,pending,Transaction for 57 coins via code.
675,296,ORDER000675,52:10.2,517.67,48,code,pending,Transaction for 48 coins via code.
676,338,ORDER000676,52:10.2,866.18,2,code,pending,Transaction for 2 coins via code.
677,80,ORDER000677,52:10.2,716.2,24,code,pending,Transaction for 24 coins via code.
678,217,ORDER000678,52:10.2,93.25,12,code,failed,Transaction for 12 coins via code.
679,251,ORDER000679,52:10.2,475.79,10,momo,failed,Transaction for 10 coins via momo.
680,482,ORDER000680,52:10.2,681.36,91,momo,failed,Transaction for 91 coins via momo.
681,463,ORDER000681,52:10.2,505.36,97,zalopay,completed,Transaction for 97 coins via zalopay.
682,399,ORDER000682,52:10.2,972.09,82,code,pending,Transaction for 82 coins via code.
683,45,ORDER000683,52:10.2,722.44,48,momo,failed,Transaction for 48 coins via momo.
684,247,ORDER000684,52:10.2,586.96,5,zalopay,failed,Transaction for 5 coins via zalopay.
685,17,ORDER000685,52:10.2,771.24,33,zalopay,pending,Transaction for 33 coins via zalopay.
686,385,ORDER000686,52:10.2,67.39,15,zalopay,completed,Transaction for 15 coins via zalopay.
687,175,ORDER000687,52:10.2,391.08,10,zalopay,pending,Transaction for 10 coins via zalopay.
688,175,ORDER000688,52:10.2,527.38,29,momo,failed,Transaction for 29 coins via momo.
689,334,ORDER000689,52:10.2,657.31,14,zalopay,pending,Transaction for 14 coins via zalopay.
690,368,ORDER000690,52:10.2,469.08,27,zalopay,pending,Transaction for 27 coins via zalopay.
691,234,ORDER000691,52:10.2,516.23,11,zalopay,completed,Transaction for 11 coins via zalopay.
692,144,ORDER000692,52:10.2,77.38,48,momo,failed,Transaction for 48 coins via momo.
693,448,ORDER000693,52:10.2,479.83,20,code,pending,Transaction for 20 coins via code.
694,69,ORDER000694,52:10.2,602.85,54,code,completed,Transaction for 54 coins via code.
695,209,ORDER000695,52:10.2,128.69,84,code,pending,Transaction for 84 coins via code.
696,160,ORDER000696,52:10.2,925.7,16,momo,pending,Transaction for 16 coins via momo.
697,131,ORDER000697,52:10.2,938.34,76,code,pending,Transaction for 76 coins via code.
698,369,ORDER000698,52:10.2,531.1,34,zalopay,completed,Transaction for 34 coins via zalopay.
699,13,ORDER000699,52:10.2,344.78,62,momo,completed,Transaction for 62 coins via momo.
700,6,ORDER000700,52:10.2,73.65,41,momo,completed,Transaction for 41 coins via momo.
701,245,ORDER000701,52:10.2,795.61,98,code,pending,Transaction for 98 coins via code.
702,275,ORDER000702,52:10.2,186.17,20,zalopay,failed,Transaction for 20 coins via zalopay.
703,148,ORDER000703,52:10.2,859.34,8,code,failed,Transaction for 8 coins via code.
704,403,ORDER000704,52:10.2,700.6,86,code,completed,Transaction for 86 coins via code.
705,349,ORDER000705,52:10.2,361.52,66,code,completed,Transaction for 66 coins via code.
706,330,ORDER000706,52:10.2,340.62,67,momo,failed,Transaction for 67 coins via momo.
707,60,ORDER000707,52:10.2,303.44,17,zalopay,completed,Transaction for 17 coins via zalopay.
708,380,ORDER000708,52:10.2,528.04,64,zalopay,failed,Transaction for 64 coins via zalopay.
709,475,ORDER000709,52:10.2,970.01,31,zalopay,completed,Transaction for 31 coins via zalopay.
710,48,ORDER000710,52:10.2,207.05,43,momo,completed,Transaction for 43 coins via momo.
711,300,ORDER000711,52:10.2,723.37,14,zalopay,failed,Transaction for 14 coins via zalopay.
712,419,ORDER000712,52:10.2,624.96,13,momo,completed,Transaction for 13 coins via momo.
713,111,ORDER000713,52:10.2,352.24,10,code,completed,Transaction for 10 coins via code.
714,266,ORDER000714,52:10.2,777.62,20,momo,completed,Transaction for 20 coins via momo.
715,60,ORDER000715,52:10.2,206.62,25,momo,pending,Transaction for 25 coins via momo.
716,234,ORDER000716,52:10.2,233.14,43,code,failed,Transaction for 43 coins via code.
717,309,ORDER000717,52:10.2,332.8,59,code,failed,Transaction for 59 coins via code.
718,354,ORDER000718,52:10.2,497.07,71,code,pending,Transaction for 71 coins via code.
719,316,ORDER000719,52:10.2,844.55,54,momo,failed,Transaction for 54 coins via momo.
720,277,ORDER000720,52:10.2,407.01,99,code,pending,Transaction for 99 coins via code.
721,53,ORDER000721,52:10.2,855.97,83,zalopay,pending,Transaction for 83 coins via zalopay.
722,198,ORDER000722,52:10.2,890.38,95,momo,pending,Transaction for 95 coins via momo.
723,204,ORDER000723,52:10.2,316.18,1,code,failed,Transaction for 1 coins via code.
724,219,ORDER000724,52:10.2,20.84,27,momo,completed,Transaction for 27 coins via momo.
725,217,ORDER000725,52:10.2,140.2,31,zalopay,completed,Transaction for 31 coins via zalopay.
726,311,ORDER000726,52:10.2,935.53,93,code,completed,Transaction for 93 coins via code.
727,2,ORDER000727,52:10.2,259.07,63,code,pending,Transaction for 63 coins via code.
728,248,ORDER000728,52:10.2,962.04,81,momo,failed,Transaction for 81 coins via momo.
729,44,ORDER000729,52:10.2,150.35,22,momo,pending,Transaction for 22 coins via momo.
730,89,ORDER000730,52:10.2,558.89,43,zalopay,pending,Transaction for 43 coins via zalopay.
731,84,ORDER000731,52:10.2,560.63,64,momo,failed,Transaction for 64 coins via momo.
732,185,ORDER000732,52:10.2,777.48,44,momo,failed,Transaction for 44 coins via momo.
733,267,ORDER000733,52:10.2,195.41,62,zalopay,pending,Transaction for 62 coins via zalopay.
734,31,ORDER000734,52:10.2,825.42,77,momo,pending,Transaction for 77 coins via momo.
735,40,ORDER000735,52:10.2,280.19,83,code,failed,Transaction for 83 coins via code.
736,452,ORDER000736,52:10.2,675.58,80,code,completed,Transaction for 80 coins via code.
737,384,ORDER000737,52:10.2,921.51,64,zalopay,failed,Transaction for 64 coins via zalopay.
738,13,ORDER000738,52:10.2,873.09,72,momo,pending,Transaction for 72 coins via momo.
739,274,ORDER000739,52:10.2,358.95,9,zalopay,pending,Transaction for 9 coins via zalopay.
740,302,ORDER000740,52:10.2,777.9,82,momo,completed,Transaction for 82 coins via momo.
741,371,ORDER000741,52:10.2,253.17,41,momo,completed,Transaction for 41 coins via momo.
742,264,ORDER000742,52:10.2,40.64,7,code,completed,Transaction for 7 coins via code.
743,326,ORDER000743,52:10.2,193.66,46,zalopay,failed,Transaction for 46 coins via zalopay.
744,373,ORDER000744,52:10.2,647.45,100,code,completed,Transaction for 100 coins via code.
745,271,ORDER000745,52:10.2,668.14,47,code,completed,Transaction for 47 coins via code.
746,366,ORDER000746,52:10.2,67.25,10,zalopay,failed,Transaction for 10 coins via zalopay.
747,394,ORDER000747,52:10.2,586.31,97,zalopay,completed,Transaction for 97 coins via zalopay.
748,380,ORDER000748,52:10.2,23.92,6,code,pending,Transaction for 6 coins via code.
749,46,ORDER000749,52:10.2,75.33,39,zalopay,failed,Transaction for 39 coins via zalopay.
750,331,ORDER000750,52:10.2,720.96,26,zalopay,completed,Transaction for 26 coins via zalopay.
751,433,ORDER000751,52:10.2,528.9,100,momo,completed,Transaction for 100 coins via momo.
752,314,ORDER000752,52:10.2,402.13,9,zalopay,failed,Transaction for 9 coins via zalopay.
753,312,ORDER000753,52:10.2,296.87,42,zalopay,completed,Transaction for 42 coins via zalopay.
754,206,ORDER000754,52:10.2,145.98,82,momo,pending,Transaction for 82 coins via momo.
755,324,ORDER000755,52:10.2,822.95,61,zalopay,pending,Transaction for 61 coins via zalopay.
756,500,ORDER000756,52:10.2,990.6,16,momo,completed,Transaction for 16 coins via momo.
757,460,ORDER000757,52:10.2,610.77,55,zalopay,pending,Transaction for 55 coins via zalopay.
758,410,ORDER000758,52:10.2,670.33,74,zalopay,pending,Transaction for 74 coins via zalopay.
759,104,ORDER000759,52:10.2,985.36,49,zalopay,failed,Transaction for 49 coins via zalopay.
760,444,ORDER000760,52:10.2,550.28,78,zalopay,completed,Transaction for 78 coins via zalopay.
761,213,ORDER000761,52:10.2,908.81,79,momo,pending,Transaction for 79 coins via momo.
762,393,ORDER000762,52:10.2,779.51,60,zalopay,failed,Transaction for 60 coins via zalopay.
763,263,ORDER000763,52:10.2,623.77,52,zalopay,completed,Transaction for 52 coins via zalopay.
764,470,ORDER000764,52:10.2,93.78,42,momo,failed,Transaction for 42 coins via momo.
765,446,ORDER000765,52:10.2,185.22,60,momo,completed,Transaction for 60 coins via momo.
766,31,ORDER000766,52:10.2,741.05,79,code,failed,Transaction for 79 coins via code.
767,117,ORDER000767,52:10.2,270.66,81,code,completed,Transaction for 81 coins via code.
768,103,ORDER000768,52:10.2,403.25,17,code,pending,Transaction for 17 coins via code.
769,8,ORDER000769,52:10.2,686.14,32,zalopay,completed,Transaction for 32 coins via zalopay.
770,363,ORDER000770,52:10.2,790.27,19,momo,failed,Transaction for 19 coins via momo.
771,226,ORDER000771,52:10.2,815.78,19,zalopay,pending,Transaction for 19 coins via zalopay.
772,138,ORDER000772,52:10.2,912.4,11,momo,pending,Transaction for 11 coins via momo.
773,440,ORDER000773,52:10.2,406.95,43,code,failed,Transaction for 43 coins via code.
774,495,ORDER000774,52:10.2,601.59,60,code,pending,Transaction for 60 coins via code.
775,161,ORDER000775,52:10.2,256.94,63,momo,completed,Transaction for 63 coins via momo.
776,234,ORDER000776,52:10.2,991.7,32,zalopay,completed,Transaction for 32 coins via zalopay.
777,368,ORDER000777,52:10.2,665.87,98,momo,completed,Transaction for 98 coins via momo.
778,330,ORDER000778,52:10.2,606.51,51,zalopay,completed,Transaction for 51 coins via zalopay.
779,328,ORDER000779,52:10.2,973.9,83,zalopay,pending,Transaction for 83 coins via zalopay.
780,3,ORDER000780,52:10.2,919.18,20,momo,pending,Transaction for 20 coins via momo.
781,486,ORDER000781,52:10.2,817.42,79,momo,pending,Transaction for 79 coins via momo.
782,448,ORDER000782,52:10.2,493.85,73,zalopay,failed,Transaction for 73 coins via zalopay.
783,42,ORDER000783,52:10.2,772.85,82,momo,completed,Transaction for 82 coins via momo.
784,62,ORDER000784,52:10.2,856.48,24,code,failed,Transaction for 24 coins via code.
785,296,ORDER000785,52:10.2,277.42,25,zalopay,completed,Transaction for 25 coins via zalopay.
786,89,ORDER000786,52:10.2,545.91,78,code,failed,Transaction for 78 coins via code.
787,423,ORDER000787,52:10.2,723.28,40,zalopay,failed,Transaction for 40 coins via zalopay.
788,197,ORDER000788,52:10.2,545.2,26,code,completed,Transaction for 26 coins via code.
789,464,ORDER000789,52:10.2,165.99,77,zalopay,completed,Transaction for 77 coins via zalopay.
790,374,ORDER000790,52:10.2,309.13,1,momo,completed,Transaction for 1 coins via momo.
791,444,ORDER000791,52:10.2,30.67,7,code,completed,Transaction for 7 coins via code.
792,172,ORDER000792,52:10.2,171.01,31,code,completed,Transaction for 31 coins via code.
793,125,ORDER000793,52:10.2,660.95,33,code,completed,Transaction for 33 coins via code.
794,479,ORDER000794,52:10.2,98.52,85,code,completed,Transaction for 85 coins via code.
795,117,ORDER000795,52:10.2,777.46,13,momo,completed,Transaction for 13 coins via momo.
796,421,ORDER000796,52:10.2,873.91,8,momo,completed,Transaction for 8 coins via momo.
797,314,ORDER000797,52:10.2,236.43,78,zalopay,failed,Transaction for 78 coins via zalopay.
798,423,ORDER000798,52:10.2,322.77,65,code,completed,Transaction for 65 coins via code.
799,20,ORDER000799,52:10.2,405.52,9,momo,failed,Transaction for 9 coins via momo.
800,328,ORDER000800,52:10.2,592.89,14,code,pending,Transaction for 14 coins via code.
801,150,ORDER000801,52:10.2,323.2,95,code,failed,Transaction for 95 coins via code.
802,181,ORDER000802,52:10.2,554.74,72,code,pending,Transaction for 72 coins via code.
803,421,ORDER000803,52:10.2,288.53,24,zalopay,completed,Transaction for 24 coins via zalopay.
804,266,ORDER000804,52:10.2,555.31,60,momo,completed,Transaction for 60 coins via momo.
805,76,ORDER000805,52:10.2,274.6,75,zalopay,failed,Transaction for 75 coins via zalopay.
806,416,ORDER000806,52:10.2,437.29,21,zalopay,completed,Transaction for 21 coins via zalopay.
807,173,ORDER000807,52:10.2,84.07,15,zalopay,completed,Transaction for 15 coins via zalopay.
808,312,ORDER000808,52:10.2,330.56,99,momo,failed,Transaction for 99 coins via momo.
809,158,ORDER000809,52:10.2,249.02,32,code,pending,Transaction for 32 coins via code.
810,208,ORDER000810,52:10.2,781.54,57,zalopay,completed,Transaction for 57 coins via zalopay.
811,268,ORDER000811,52:10.2,532.91,37,zalopay,pending,Transaction for 37 coins via zalopay.
812,431,ORDER000812,52:10.2,655.8,89,zalopay,completed,Transaction for 89 coins via zalopay.
813,500,ORDER000813,52:10.2,155.32,96,zalopay,pending,Transaction for 96 coins via zalopay.
814,73,ORDER000814,52:10.2,91.86,41,code,pending,Transaction for 41 coins via code.
815,225,ORDER000815,52:10.2,302.6,33,momo,failed,Transaction for 33 coins via momo.
816,183,ORDER000816,52:10.2,931.11,58,momo,pending,Transaction for 58 coins via momo.
817,321,ORDER000817,52:10.2,778.41,57,zalopay,failed,Transaction for 57 coins via zalopay.
818,131,ORDER000818,52:10.2,861.9,89,code,failed,Transaction for 89 coins via code.
819,370,ORDER000819,52:10.2,177.74,16,zalopay,failed,Transaction for 16 coins via zalopay.
820,148,ORDER000820,52:10.2,913.8,14,zalopay,failed,Transaction for 14 coins via zalopay.
821,181,ORDER000821,52:10.2,919.51,39,code,completed,Transaction for 39 coins via code.
822,127,ORDER000822,52:10.2,817.52,66,zalopay,failed,Transaction for 66 coins via zalopay.
823,212,ORDER000823,52:10.2,515.12,83,code,pending,Transaction for 83 coins via code.
824,63,ORDER000824,52:10.2,693.03,71,zalopay,failed,Transaction for 71 coins via zalopay.
825,263,ORDER000825,52:10.2,280.84,41,zalopay,failed,Transaction for 41 coins via zalopay.
826,429,ORDER000826,52:10.2,895.28,58,momo,failed,Transaction for 58 coins via momo.
827,490,ORDER000827,52:10.2,566.02,75,momo,completed,Transaction for 75 coins via momo.
828,170,ORDER000828,52:10.2,804.93,37,zalopay,pending,Transaction for 37 coins via zalopay.
829,183,ORDER000829,52:10.2,539.48,97,momo,completed,Transaction for 97 coins via momo.
830,421,ORDER000830,52:10.2,845.02,89,momo,pending,Transaction for 89 coins via momo.
831,454,ORDER000831,52:10.2,713.8,28,momo,failed,Transaction for 28 coins via momo.
832,116,ORDER000832,52:10.2,866.66,78,code,pending,Transaction for 78 coins via code.
833,126,ORDER000833,52:10.2,810.91,40,momo,pending,Transaction for 40 coins via momo.
834,500,ORDER000834,52:10.2,396.01,88,zalopay,failed,Transaction for 88 coins via zalopay.
835,448,ORDER000835,52:10.2,705.98,13,code,failed,Transaction for 13 coins via code.
836,1,ORDER000836,52:10.2,202.81,32,code,completed,Transaction for 32 coins via code.
837,162,ORDER000837,52:10.2,177.42,50,zalopay,pending,Transaction for 50 coins via zalopay.
838,169,ORDER000838,52:10.2,334.18,9,zalopay,failed,Transaction for 9 coins via zalopay.
839,206,ORDER000839,52:10.2,394.23,26,code,failed,Transaction for 26 coins via code.
840,138,ORDER000840,52:10.2,194.98,34,momo,pending,Transaction for 34 coins via momo.
841,265,ORDER000841,52:10.2,648.1,64,code,pending,Transaction for 64 coins via code.
842,175,ORDER000842,52:10.2,601.25,57,code,failed,Transaction for 57 coins via code.
843,401,ORDER000843,52:10.2,854.22,88,momo,failed,Transaction for 88 coins via momo.
844,17,ORDER000844,52:10.2,310.42,73,zalopay,completed,Transaction for 73 coins via zalopay.
845,352,ORDER000845,52:10.2,326.45,79,zalopay,pending,Transaction for 79 coins via zalopay.
846,59,ORDER000846,52:10.2,32.51,48,code,completed,Transaction for 48 coins via code.
847,253,ORDER000847,52:10.2,779.31,34,zalopay,failed,Transaction for 34 coins via zalopay.
848,244,ORDER000848,52:10.2,714.48,68,momo,failed,Transaction for 68 coins via momo.
849,85,ORDER000849,52:10.2,620.04,67,code,pending,Transaction for 67 coins via code.
850,112,ORDER000850,52:10.2,962.17,35,code,pending,Transaction for 35 coins via code.
851,132,ORDER000851,52:10.2,619.18,79,zalopay,pending,Transaction for 79 coins via zalopay.
852,279,ORDER000852,52:10.2,782.96,43,code,completed,Transaction for 43 coins via code.
853,70,ORDER000853,52:10.2,239.43,49,code,failed,Transaction for 49 coins via code.
854,450,ORDER000854,52:10.2,227.68,75,momo,pending,Transaction for 75 coins via momo.
855,229,ORDER000855,52:10.2,958.22,31,code,pending,Transaction for 31 coins via code.
856,124,ORDER000856,52:10.2,45.19,11,code,completed,Transaction for 11 coins via code.
857,24,ORDER000857,52:10.2,953.22,7,zalopay,completed,Transaction for 7 coins via zalopay.
858,478,ORDER000858,52:10.2,373.18,40,momo,failed,Transaction for 40 coins via momo.
859,365,ORDER000859,52:10.2,17.79,64,momo,failed,Transaction for 64 coins via momo.
860,460,ORDER000860,52:10.2,484.49,39,code,pending,Transaction for 39 coins via code.
861,116,ORDER000861,52:10.2,539.79,86,zalopay,pending,Transaction for 86 coins via zalopay.
862,416,ORDER000862,52:10.2,735.43,79,momo,pending,Transaction for 79 coins via momo.
863,203,ORDER000863,52:10.2,916.03,61,code,completed,Transaction for 61 coins via code.
864,214,ORDER000864,52:10.2,427.45,64,code,failed,Transaction for 64 coins via code.
865,423,ORDER000865,52:10.2,87.11,16,zalopay,completed,Transaction for 16 coins via zalopay.
866,497,ORDER000866,52:10.2,548.81,11,momo,completed,Transaction for 11 coins via momo.
867,98,ORDER000867,52:10.2,622.27,94,code,completed,Transaction for 94 coins via code.
868,212,ORDER000868,52:10.2,802.88,53,zalopay,completed,Transaction for 53 coins via zalopay.
869,198,ORDER000869,52:10.2,535.63,68,zalopay,failed,Transaction for 68 coins via zalopay.
870,174,ORDER000870,52:10.2,52.14,46,momo,failed,Transaction for 46 coins via momo.
871,50,ORDER000871,52:10.2,389.34,16,momo,pending,Transaction for 16 coins via momo.
872,370,ORDER000872,52:10.2,784.6,74,zalopay,failed,Transaction for 74 coins via zalopay.
873,369,ORDER000873,52:10.2,392.64,19,zalopay,completed,Transaction for 19 coins via zalopay.
874,44,ORDER000874,52:10.2,176.53,55,momo,failed,Transaction for 55 coins via momo.
875,41,ORDER000875,52:10.2,328.85,7,momo,pending,Transaction for 7 coins via momo.
876,219,ORDER000876,52:10.2,294.19,53,zalopay,completed,Transaction for 53 coins via zalopay.
877,352,ORDER000877,52:10.2,492.37,80,zalopay,pending,Transaction for 80 coins via zalopay.
878,173,ORDER000878,52:10.2,383.65,16,code,pending,Transaction for 16 coins via code.
879,138,ORDER000879,52:10.2,558.11,19,code,completed,Transaction for 19 coins via code.
880,137,ORDER000880,52:10.2,375.5,6,momo,completed,Transaction for 6 coins via momo.
881,25,ORDER000881,52:10.2,752,65,zalopay,pending,Transaction for 65 coins via zalopay.
882,156,ORDER000882,52:10.2,994.24,1,zalopay,failed,Transaction for 1 coins via zalopay.
883,138,ORDER000883,52:10.2,754.04,72,zalopay,completed,Transaction for 72 coins via zalopay.
884,109,ORDER000884,52:10.2,932.41,41,momo,pending,Transaction for 41 coins via momo.
885,56,ORDER000885,52:10.2,874.18,61,momo,failed,Transaction for 61 coins via momo.
886,276,ORDER000886,52:10.2,182.28,6,code,failed,Transaction for 6 coins via code.
887,156,ORDER000887,52:10.2,132.79,37,zalopay,failed,Transaction for 37 coins via zalopay.
888,462,ORDER000888,52:10.2,549.33,83,momo,completed,Transaction for 83 coins via momo.
889,424,ORDER000889,52:10.2,245.93,65,zalopay,completed,Transaction for 65 coins via zalopay.
890,307,ORDER000890,52:10.2,864.68,84,momo,completed,Transaction for 84 coins via momo.
891,123,ORDER000891,52:10.2,998.97,44,code,pending,Transaction for 44 coins via code.
892,263,ORDER000892,52:10.2,281.25,67,zalopay,completed,Transaction for 67 coins via zalopay.
893,413,ORDER000893,52:10.2,139.25,86,zalopay,failed,Transaction for 86 coins via zalopay.
894,11,ORDER000894,52:10.2,678.82,2,momo,pending,Transaction for 2 coins via momo.
895,328,ORDER000895,52:10.2,430.94,22,zalopay,completed,Transaction for 22 coins via zalopay.
896,394,ORDER000896,52:10.2,238.21,47,momo,failed,Transaction for 47 coins via momo.
897,375,ORDER000897,52:10.2,224.85,60,zalopay,failed,Transaction for 60 coins via zalopay.
898,401,ORDER000898,52:10.2,498.02,39,zalopay,pending,Transaction for 39 coins via zalopay.
899,489,ORDER000899,52:10.2,693.74,35,momo,failed,Transaction for 35 coins via momo.
900,153,ORDER000900,52:10.2,27.58,74,momo,pending,Transaction for 74 coins via momo.
901,379,ORDER000901,52:10.2,611.95,62,zalopay,failed,Transaction for 62 coins via zalopay.
902,242,ORDER000902,52:10.2,33.56,80,code,pending,Transaction for 80 coins via code.
903,251,ORDER000903,52:10.2,34.99,19,code,pending,Transaction for 19 coins via code.
904,164,ORDER000904,52:10.2,505,16,zalopay,completed,Transaction for 16 coins via zalopay.
905,113,ORDER000905,52:10.2,753.71,26,code,failed,Transaction for 26 coins via code.
906,35,ORDER000906,52:10.2,328.85,66,zalopay,completed,Transaction for 66 coins via zalopay.
907,479,ORDER000907,52:10.2,918.9,98,zalopay,failed,Transaction for 98 coins via zalopay.
908,52,ORDER000908,52:10.2,730.86,15,code,failed,Transaction for 15 coins via code.
909,336,ORDER000909,52:10.2,736.66,89,code,completed,Transaction for 89 coins via code.
910,429,ORDER000910,52:10.2,561.69,45,zalopay,pending,Transaction for 45 coins via zalopay.
911,245,ORDER000911,52:10.2,107.43,19,code,completed,Transaction for 19 coins via code.
912,202,ORDER000912,52:10.2,559.87,51,momo,failed,Transaction for 51 coins via momo.
913,148,ORDER000913,52:10.2,808.06,16,zalopay,pending,Transaction for 16 coins via zalopay.
914,490,ORDER000914,52:10.2,195.22,12,code,pending,Transaction for 12 coins via code.
915,286,ORDER000915,52:10.2,674.51,93,momo,completed,Transaction for 93 coins via momo.
916,134,ORDER000916,52:10.2,183.92,62,code,failed,Transaction for 62 coins via code.
917,321,ORDER000917,52:10.2,15.49,75,code,completed,Transaction for 75 coins via code.
918,164,ORDER000918,52:10.2,790.33,96,momo,pending,Transaction for 96 coins via momo.
919,245,ORDER000919,52:10.2,886.62,51,momo,completed,Transaction for 51 coins via momo.
920,221,ORDER000920,52:10.2,406.03,23,momo,pending,Transaction for 23 coins via momo.
921,196,ORDER000921,52:10.2,773.81,40,code,failed,Transaction for 40 coins via code.
922,331,ORDER000922,52:10.2,425.12,73,zalopay,completed,Transaction for 73 coins via zalopay.
923,420,ORDER000923,52:10.2,801.76,61,zalopay,pending,Transaction for 61 coins via zalopay.
924,48,ORDER000924,52:10.2,445.47,98,momo,completed,Transaction for 98 coins via momo.
925,483,ORDER000925,52:10.2,542.92,68,zalopay,completed,Transaction for 68 coins via zalopay.
926,141,ORDER000926,52:10.2,362.96,60,code,failed,Transaction for 60 coins via code.
927,454,ORDER000927,52:10.2,40.8,38,momo,failed,Transaction for 38 coins via momo.
928,384,ORDER000928,52:10.2,696.85,69,code,failed,Transaction for 69 coins via code.
929,231,ORDER000929,52:10.2,452.88,21,code,pending,Transaction for 21 coins via code.
930,400,ORDER000930,52:10.2,348.64,83,momo,completed,Transaction for 83 coins via momo.
931,96,ORDER000931,52:10.2,440.32,29,zalopay,completed,Transaction for 29 coins via zalopay.
932,171,ORDER000932,52:10.2,542.58,27,zalopay,failed,Transaction for 27 coins via zalopay.
933,445,ORDER000933,52:10.2,493.67,48,momo,completed,Transaction for 48 coins via momo.
934,314,ORDER000934,52:10.2,84.07,57,code,failed,Transaction for 57 coins via code.
935,209,ORDER000935,52:10.2,541.57,35,code,completed,Transaction for 35 coins via code.
936,266,ORDER000936,52:10.2,524.31,63,zalopay,completed,Transaction for 63 coins via zalopay.
937,277,ORDER000937,52:10.2,871.88,41,momo,completed,Transaction for 41 coins via momo.
938,497,ORDER000938,52:10.2,145.35,56,zalopay,failed,Transaction for 56 coins via zalopay.
939,50,ORDER000939,52:10.2,912.02,67,code,failed,Transaction for 67 coins via code.
940,51,ORDER000940,52:10.2,860.08,46,momo,failed,Transaction for 46 coins via momo.
941,252,ORDER000941,52:10.2,699.06,35,zalopay,pending,Transaction for 35 coins via zalopay.
942,131,ORDER000942,52:10.2,860.98,56,zalopay,failed,Transaction for 56 coins via zalopay.
943,117,ORDER000943,52:10.2,966.76,31,code,failed,Transaction for 31 coins via code.
944,122,ORDER000944,52:10.2,392.25,33,zalopay,failed,Transaction for 33 coins via zalopay.
945,173,ORDER000945,52:10.2,812.46,91,code,completed,Transaction for 91 coins via code.
946,432,ORDER000946,52:10.2,666.15,30,code,failed,Transaction for 30 coins via code.
947,296,ORDER000947,52:10.2,119.08,94,zalopay,completed,Transaction for 94 coins via zalopay.
948,426,ORDER000948,52:10.2,859.21,90,code,pending,Transaction for 90 coins via code.
949,464,ORDER000949,52:10.2,680.69,15,momo,pending,Transaction for 15 coins via momo.
950,192,ORDER000950,52:10.2,715,61,zalopay,completed,Transaction for 61 coins via zalopay.
951,484,ORDER000951,52:10.2,978.64,24,momo,completed,Transaction for 24 coins via momo.
952,268,ORDER000952,52:10.2,290.39,38,code,completed,Transaction for 38 coins via code.
953,79,ORDER000953,52:10.2,329.88,14,momo,pending,Transaction for 14 coins via momo.
954,289,ORDER000954,52:10.2,556.94,1,code,pending,Transaction for 1 coins via code.
955,396,ORDER000955,52:10.2,595.7,27,momo,pending,Transaction for 27 coins via momo.
956,131,ORDER000956,52:10.2,739.16,73,momo,failed,Transaction for 73 coins via momo.
957,264,ORDER000957,52:10.2,67.55,51,code,pending,Transaction for 51 coins via code.
958,335,ORDER000958,52:10.2,91.6,31,zalopay,pending,Transaction for 31 coins via zalopay.
959,351,ORDER000959,52:10.2,661.28,52,momo,pending,Transaction for 52 coins via momo.
960,367,ORDER000960,52:10.2,737.63,27,code,completed,Transaction for 27 coins via code.
961,125,ORDER000961,52:10.2,697.26,52,momo,completed,Transaction for 52 coins via momo.
962,165,ORDER000962,52:10.2,298.33,93,momo,pending,Transaction for 93 coins via momo.
963,383,ORDER000963,52:10.2,752.9,63,momo,completed,Transaction for 63 coins via momo.
964,397,ORDER000964,52:10.2,185.48,46,zalopay,completed,Transaction for 46 coins via zalopay.
965,211,ORDER000965,52:10.2,36.26,80,code,pending,Transaction for 80 coins via code.
966,488,ORDER000966,52:10.2,669.05,40,zalopay,failed,Transaction for 40 coins via zalopay.
967,320,ORDER000967,52:10.2,371.97,74,zalopay,pending,Transaction for 74 coins via zalopay.
968,448,ORDER000968,52:10.2,273.55,29,momo,pending,Transaction for 29 coins via momo.
969,459,ORDER000969,52:10.2,481.64,15,code,pending,Transaction for 15 coins via code.
970,308,ORDER000970,52:10.2,422.76,10,momo,completed,Transaction for 10 coins via momo.
971,272,ORDER000971,52:10.2,812.13,52,momo,completed,Transaction for 52 coins via momo.
972,237,ORDER000972,52:10.2,207.75,89,code,completed,Transaction for 89 coins via code.
973,1,ORDER000973,52:10.2,601.91,98,momo,failed,Transaction for 98 coins via momo.
974,149,ORDER000974,52:10.2,455.76,24,momo,failed,Transaction for 24 coins via momo.
975,314,ORDER000975,52:10.2,658.43,80,code,pending,Transaction for 80 coins via code.
976,211,ORDER000976,52:10.2,659.86,87,code,failed,Transaction for 87 coins via code.
977,36,ORDER000977,52:10.2,400.21,4,momo,failed,Transaction for 4 coins via momo.
978,305,ORDER000978,52:10.2,318.81,23,zalopay,failed,Transaction for 23 coins via zalopay.
979,12,ORDER000979,52:10.2,147.42,14,zalopay,failed,Transaction for 14 coins via zalopay.
980,312,ORDER000980,52:10.2,37.22,36,momo,failed,Transaction for 36 coins via momo.
981,110,ORDER000981,52:10.2,727.93,78,zalopay,pending,Transaction for 78 coins via zalopay.
982,153,ORDER000982,52:10.2,193.71,82,code,pending,Transaction for 82 coins via code.
983,364,ORDER000983,52:10.2,262.95,26,momo,completed,Transaction for 26 coins via momo.
984,126,ORDER000984,52:10.2,176.51,97,code,pending,Transaction for 97 coins via code.
985,293,ORDER000985,52:10.2,996.5,14,code,completed,Transaction for 14 coins via code.
986,70,ORDER000986,52:10.2,268.6,22,code,completed,Transaction for 22 coins via code.
987,435,ORDER000987,52:10.2,513.82,47,code,failed,Transaction for 47 coins via code.
988,286,ORDER000988,52:10.2,536.28,92,momo,failed,Transaction for 92 coins via momo.
989,72,ORDER000989,52:10.2,930.47,70,code,pending,Transaction for 70 coins via code.
990,398,ORDER000990,52:10.2,586.92,50,code,failed,Transaction for 50 coins via code.
991,416,ORDER000991,52:10.2,945,95,code,pending,Transaction for 95 coins via code.
992,123,ORDER000992,52:10.2,246.47,77,zalopay,failed,Transaction for 77 coins via zalopay.
993,120,ORDER000993,52:10.2,635.48,82,code,pending,Transaction for 82 coins via code.
994,2,ORDER000994,52:10.2,303.68,43,zalopay,completed,Transaction for 43 coins via zalopay.
995,496,ORDER000995,52:10.2,668.68,76,zalopay,completed,Transaction for 76 coins via zalopay.
996,42,ORDER000996,52:10.2,161.19,67,zalopay,failed,Transaction for 67 coins via zalopay.
997,66,ORDER000997,52:10.2,86.9,55,momo,completed,Transaction for 55 coins via momo.
998,46,ORDER000998,52:10.2,719.21,25,zalopay,completed,Transaction for 25 coins via zalopay.
999,435,ORDER000999,52:10.2,949.95,93,zalopay,pending,Transaction for 93 coins via zalopay.
1000,286,ORDER001000,52:10.2,308.95,89,zalopay,failed,Transaction for 89 coins via zalopay.
